timestamp,humidity
2017-01-01 13:00:00,98.04
2017-01-02 01:00:00,98.61
2017-01-02 13:00:00,99.0
2017-01-03 01:00:00,98.49
2017-01-03 13:00:00,98.32
2017-01-04 01:00:00,97.41
2017-01-04 13:00:00,97.17
2017-01-05 01:00:00,97.12
2017-01-05 13:00:00,96.05
2017-01-06 01:00:00,96.12
2017-01-06 13:00:00,96.67
2017-01-07 01:00:00,96.18
2017-01-07 13:00:00,96.03
2017-01-08 01:00:00,96.89
2017-01-08 13:00:00,97.59
2017-01-09 01:00:00,98.19
2017-01-09 13:00:00,98.48
2017-01-10 01:00:00,99.42
2017-01-10 13:00:00,98.86
2017-01-11 01:00:00,97.91
2017-01-11 13:00:00,97.94
2017-01-12 01:00:00,99.26
2017-01-12 13:00:00,99.17
2017-01-13 01:00:00,99.47
2017-01-13 13:00:00,99.62
2017-01-14 01:00:00,99.86
2017-01-14 13:00:00,99.88
2017-01-15 01:00:00,99.9
2017-01-15 13:00:00,99.75
2017-01-16 01:00:00,100.0
2017-01-16 13:00:00,99.58
2017-01-17 01:00:00,99.85
2017-01-17 13:00:00,99.57
2017-01-18 01:00:00,100.0
2017-01-18 13:00:00,100.0
2017-01-19 01:00:00,99.73
2017-01-19 13:00:00,99.0
2017-01-20 01:00:00,99.91
2017-01-20 13:00:00,99.94
2017-01-21 01:00:00,99.64
2017-01-21 13:00:00,98.88
2017-01-22 01:00:00,100.0
2017-01-22 13:00:00,100.0
2017-01-23 01:00:00,100.0
2017-01-23 13:00:00,100.0
2017-01-24 01:00:00,100.0
2017-01-24 13:00:00,100.0
2017-01-25 01:00:00,100.0
2017-01-25 13:00:00,100.0
2017-01-26 01:00:00,100.0
2017-01-26 13:00:00,23.06
2017-01-27 01:00:00,-100.0
2017-01-27 13:00:00,-82.25
2017-01-28 01:00:00,100.0
2017-01-28 13:00:00,99.99
2017-01-29 01:00:00,84.86
2017-01-29 13:00:00,99.52
2017-01-30 01:00:00,100.0
2017-01-30 13:00:00,100.0
2017-01-31 01:00:00,100.0
2017-01-31 13:00:00,99.63
2017-02-01 01:00:00,99.09
2017-02-01 13:00:00,99.54
2017-02-02 01:00:00,99.91
2017-02-02 13:00:00,42.97
2017-02-03 01:00:00,-100.0
2017-02-03 13:00:00,-100.0
2017-02-04 01:00:00,-100.0
2017-02-04 13:00:00,-100.0
2017-02-05 01:00:00,-100.0
2017-02-05 13:00:00,-100.0
2017-02-06 01:00:00,-100.0
2017-02-06 13:00:00,-100.0
2017-02-07 01:00:00,-100.0
2017-02-07 13:00:00,-100.0
2017-02-08 01:00:00,-100.0
2017-02-08 13:00:00,-100.0
2017-02-09 01:00:00,-100.0
2017-02-09 13:00:00,-100.0
2017-02-10 01:00:00,-62.42
2017-02-10 13:00:00,-98.45
2017-02-11 01:00:00,-11.19
2017-02-11 13:00:00,88.4
2017-02-12 01:00:00,89.63
2017-02-12 13:00:00,90.4
2017-02-13 01:00:00,90.55
2017-02-13 13:00:00,90.48
2017-02-14 01:00:00,91.58
2017-02-14 13:00:00,90.87
2017-02-15 01:00:00,92.61
2017-02-15 13:00:00,92.25
2017-02-16 01:00:00,92.52
2017-02-16 13:00:00,92.69
2017-02-17 01:00:00,93.08
2017-02-17 13:00:00,93.25
2017-02-18 01:00:00,93.12
2017-02-18 13:00:00,92.55
2017-02-19 01:00:00,92.5
2017-02-19 13:00:00,91.86
2017-02-20 01:00:00,91.62
2017-02-20 13:00:00,91.67
2017-02-21 01:00:00,91.61
2017-02-21 13:00:00,90.72
2017-02-22 01:00:00,90.2
2017-02-22 13:00:00,90.35
2017-02-23 01:00:00,88.19
2017-02-23 13:00:00,88.49
2017-02-24 01:00:00,89.3
2017-02-24 13:00:00,89.45
2017-02-25 01:00:00,90.22
2017-02-25 13:00:00,91.54
2017-02-26 01:00:00,92.27
2017-02-26 13:00:00,92.78
2017-02-27 01:00:00,94.52
2017-02-27 13:00:00,94.94
2017-02-28 01:00:00,92.97
2017-02-28 13:00:00,93.35
2017-03-01 01:00:00,94.5
2017-03-01 13:00:00,95.32
2017-03-02 01:00:00,94.91
2017-03-02 13:00:00,95.66
2017-03-03 01:00:00,95.1
2017-03-03 13:00:00,93.33
2017-03-04 01:00:00,92.84
2017-03-04 13:00:00,90.0
2017-03-05 01:00:00,93.29
2017-03-05 13:00:00,93.7
2017-03-06 01:00:00,96.31
2017-03-06 13:00:00,98.36
2017-03-07 01:00:00,99.04
2017-03-07 13:00:00,98.6
2017-03-08 01:00:00,98.53
2017-03-08 13:00:00,95.71
2017-03-09 01:00:00,97.94
2017-03-09 13:00:00,96.84
2017-03-10 01:00:00,99.02
2017-03-10 13:00:00,95.0
2017-03-11 01:00:00,98.89
2017-03-11 13:00:00,97.56
2017-03-12 01:00:00,90.58
2017-03-12 13:00:00,97.15
2017-03-13 01:00:00,99.56
2017-03-13 13:00:00,96.21
2017-03-14 01:00:00,99.32
2017-03-14 13:00:00,96.18
2017-03-15 01:00:00,99.91
2017-03-15 13:00:00,97.79
2017-03-16 01:00:00,99.46
2017-03-16 13:00:00,94.67
2017-03-17 01:00:00,99.43
2017-03-17 13:00:00,98.68
2017-03-18 01:00:00,100.0
2017-03-18 13:00:00,99.41
2017-03-19 01:00:00,100.0
2017-03-19 13:00:00,99.37
2017-03-20 01:00:00,99.95
2017-03-20 13:00:00,62.19
2017-03-21 01:00:00,96.35
2017-03-21 13:00:00,99.79
2017-03-22 01:00:00,99.23
2017-03-22 13:00:00,92.47
2017-03-23 01:00:00,99.41
2017-03-23 13:00:00,99.53
2017-03-24 01:00:00,99.37
2017-03-24 13:00:00,93.12
2017-03-25 01:00:00,78.49
2017-03-25 13:00:00,94.34
2017-03-26 01:00:00,95.57
2017-03-26 14:00:00,90.11
2017-03-27 02:00:00,51.26
2017-03-27 14:00:00,89.81
2017-03-28 02:00:00,96.92
2017-03-28 14:00:00,88.24
2017-03-29 02:00:00,96.43
2017-03-29 14:00:00,97.22
2017-03-30 02:00:00,97.35
2017-03-30 14:00:00,92.31
2017-03-31 02:00:00,93.65
2017-03-31 14:00:00,85.2
2017-04-01 02:00:00,91.83
2017-04-01 14:00:00,87.76
2017-04-02 02:00:00,92.45
2017-04-02 14:00:00,87.45
2017-04-03 02:00:00,92.52
2017-04-03 14:00:00,91.77
2017-04-04 02:00:00,95.55
2017-04-04 14:00:00,91.79
2017-04-05 02:00:00,96.35
2017-04-05 14:00:00,94.87
2017-04-06 02:00:00,96.31
2017-04-06 14:00:00,94.65
2017-04-07 02:00:00,96.2
2017-04-07 14:00:00,95.59
2017-04-08 02:00:00,95.55
2017-04-08 14:00:00,93.17
2017-04-09 02:00:00,93.41
2017-04-09 14:00:00,86.55
2017-04-10 02:00:00,92.59
2017-04-10 14:00:00,92.58
2017-04-11 02:00:00,95.14
2017-04-11 14:00:00,91.46
2017-04-12 02:00:00,95.74
2017-04-12 14:00:00,95.95
2017-04-13 02:00:00,96.77
2017-04-13 14:00:00,95.8
2017-04-14 02:00:00,97.49
2017-04-14 14:00:00,73.79
2017-04-15 02:00:00,98.54
2017-04-15 14:00:00,97.14
2017-04-16 02:00:00,83.56
2017-04-16 14:00:00,86.12
2017-04-17 02:00:00,90.27
2017-04-17 14:00:00,89.65
2017-04-18 02:00:00,93.04
2017-04-18 14:00:00,91.19
2017-04-19 02:00:00,95.27
2017-04-19 14:00:00,94.34
2017-04-20 02:00:00,96.81
2017-04-20 14:00:00,88.74
2017-04-21 02:00:00,92.56
2017-04-21 14:00:00,92.16
2017-04-22 02:00:00,94.24
2017-04-22 14:00:00,92.32
2017-04-23 02:00:00,94.96
2017-04-23 14:00:00,91.43
2017-04-24 02:00:00,93.62
2017-04-24 14:00:00,93.57
2017-04-25 02:00:00,96.01
2017-04-25 14:00:00,95.03
2017-04-26 02:00:00,96.3
2017-04-26 14:00:00,92.19
2017-04-27 02:00:00,94.72
2017-04-27 14:00:00,90.04
2017-04-28 02:00:00,92.72
2017-04-28 14:00:00,92.37
2017-04-29 02:00:00,95.76
2017-04-29 14:00:00,93.72
2017-04-30 02:00:00,92.75
2017-04-30 14:00:00,85.12
2017-05-01 02:00:00,91.11
2017-05-01 14:00:00,88.08
2017-05-02 02:00:00,92.71
2017-05-02 14:00:00,94.1
2017-05-03 02:00:00,96.07
2017-05-03 14:00:00,93.26
2017-05-04 02:00:00,95.51
2017-05-04 14:00:00,94.41
2017-05-05 02:00:00,96.83
2017-05-05 14:00:00,96.86
2017-05-06 02:00:00,96.49
2017-05-06 14:00:00,93.58
2017-05-07 02:00:00,95.92
2017-05-07 14:00:00,89.94
2017-05-08 02:00:00,15.46
2017-05-08 14:00:00,65.03
2017-05-09 02:00:00,91.9
2017-05-09 14:00:00,89.56
2017-05-10 02:00:00,93.91
2017-05-10 14:00:00,92.52
2017-05-11 02:00:00,88.95
2017-05-11 14:00:00,87.63
2017-05-12 02:00:00,89.29
2017-05-12 14:00:00,88.72
2017-05-13 02:00:00,88.42
2017-05-13 14:00:00,85.09
2017-05-14 02:00:00,85.59
2017-05-14 14:00:00,76.14
2017-05-15 02:00:00,80.97
2017-05-15 14:00:00,75.6
2017-05-16 02:00:00,80.59
2017-05-16 14:00:00,76.59
2017-05-17 02:00:00,75.68
2017-05-17 14:00:00,76.93
2017-05-18 02:00:00,76.88
2017-05-18 14:00:00,70.15
2017-05-19 02:00:00,73.78
2017-05-19 14:00:00,68.89
2017-05-20 02:00:00,75.25
2017-05-20 14:00:00,71.1
2017-05-21 02:00:00,75.33
2017-05-21 14:00:00,67.48
2017-05-22 02:00:00,72.93
2017-05-22 14:00:00,66.78
2017-05-23 02:00:00,69.23
2017-05-23 14:00:00,65.17
2017-05-24 02:00:00,67.84
2017-05-24 14:00:00,65.86
2017-05-25 02:00:00,69.88
2017-05-25 14:00:00,64.13
2017-05-26 02:00:00,69.26
2017-05-26 14:00:00,63.01
2017-05-27 02:00:00,65.76
2017-05-27 14:00:00,55.44
2017-05-28 02:00:00,60.41
2017-05-28 14:00:00,55.55
2017-05-29 02:00:00,60.93
2017-05-29 14:00:00,57.12
2017-05-30 02:00:00,62.25
2017-05-30 14:00:00,58.23
2017-05-31 02:00:00,60.6
2017-05-31 14:00:00,58.49
2017-06-01 02:00:00,65.7
2017-06-01 14:00:00,56.8
2017-06-02 02:00:00,67.09
2017-06-02 14:00:00,57.17
2017-06-03 02:00:00,64.37
2017-06-03 14:00:00,64.64
2017-06-04 02:00:00,65.54
2017-06-04 14:00:00,65.47
2017-06-05 02:00:00,67.81
2017-06-05 14:00:00,61.92
2017-06-06 02:00:00,65.88
2017-06-06 14:00:00,61.2
2017-06-07 02:00:00,67.62
2017-06-07 14:00:00,70.68
2017-06-08 02:00:00,72.05
2017-06-08 14:00:00,68.08
2017-06-09 02:00:00,70.62
2017-06-09 14:00:00,66.75
2017-06-10 02:00:00,72.08
2017-06-10 14:00:00,64.03
2017-06-11 02:00:00,69.49
2017-06-11 14:00:00,62.08
2017-06-12 02:00:00,67.34
2017-06-12 14:00:00,63.83
2017-06-13 02:00:00,68.38
2017-06-13 14:00:00,63.07
2017-06-14 02:00:00,72.87
2017-06-14 14:00:00,65.58
2017-06-15 02:00:00,72.96
2017-06-15 14:00:00,63.03
2017-06-16 02:00:00,68.17
2017-06-16 14:00:00,65.26
2017-06-17 02:00:00,72.56
2017-06-17 14:00:00,64.92
2017-06-18 02:00:00,71.25
2017-06-18 14:00:00,67.39
2017-06-19 02:00:00,69.23
2017-06-19 14:00:00,66.13
2017-06-20 02:00:00,67.63
2017-06-20 14:00:00,63.24
2017-06-21 02:00:00,70.71
2017-06-21 14:00:00,62.93
2017-06-22 02:00:00,69.21
2017-06-22 14:00:00,68.91
2017-06-23 02:00:00,66.63
2017-06-23 14:00:00,65.63
2017-06-24 02:00:00,64.01
2017-06-24 14:00:00,63.19
2017-06-25 02:00:00,64.96
2017-06-25 14:00:00,65.6
2017-06-26 02:00:00,68.27
2017-06-26 14:00:00,63.5
2017-06-27 02:00:00,67.86
2017-06-27 14:00:00,60.17
2017-06-28 02:00:00,65.72
2017-06-28 14:00:00,62.53
2017-06-29 02:00:00,64.48
2017-06-29 14:00:00,66.25
2017-06-30 02:00:00,66.2
2017-06-30 14:00:00,63.27
2017-07-01 02:00:00,63.43
2017-07-01 14:00:00,62.06
2017-07-02 02:00:00,61.99
2017-07-02 14:00:00,62.21
2017-07-03 02:00:00,66.15
2017-07-03 14:00:00,59.8
2017-07-04 02:00:00,63.24
2017-07-04 14:00:00,59.43
2017-07-05 02:00:00,66.2
2017-07-05 14:00:00,57.1
2017-07-06 02:00:00,66.15
2017-07-06 14:00:00,59.33
2017-07-07 02:00:00,65.49
2017-07-07 14:00:00,63.8
2017-07-08 02:00:00,66.8
2017-07-08 14:00:00,58.11
2017-07-09 02:00:00,68.28
2017-07-09 14:00:00,
2017-07-10 02:00:00,
2017-07-10 14:00:00,
2017-07-11 02:00:00,
2017-07-11 14:00:00,
2017-07-12 02:00:00,
2017-07-12 14:00:00,
2017-07-13 02:00:00,
2017-07-13 14:00:00,
2017-07-14 02:00:00,
2017-07-14 14:00:00,57.46
2017-07-15 02:00:00,74.56
2017-07-15 14:00:00,60.29
2017-07-16 02:00:00,72.3
2017-07-16 14:00:00,68.62
2017-07-17 02:00:00,72.77
2017-07-17 14:00:00,59.54
2017-07-18 02:00:00,74.07
2017-07-18 14:00:00,61.93
2017-07-19 02:00:00,74.97
2017-07-19 14:00:00,59.72
2017-07-20 02:00:00,69.53
2017-07-20 14:00:00,66.42
2017-07-21 02:00:00,69.73
2017-07-21 14:00:00,54.61
2017-07-22 02:00:00,71.24
2017-07-22 14:00:00,72.17
2017-07-23 02:00:00,76.69
2017-07-23 14:00:00,64.86
2017-07-24 02:00:00,72.14
2017-07-24 14:00:00,63.36
2017-07-25 02:00:00,73.03
2017-07-25 14:00:00,72.11
2017-07-26 02:00:00,76.49
2017-07-26 14:00:00,61.21
2017-07-27 02:00:00,65.52
2017-07-27 14:00:00,59.09
2017-07-28 02:00:00,64.56
2017-07-28 14:00:00,60.31
2017-07-29 02:00:00,68.99
2017-07-29 14:00:00,65.99
2017-07-30 02:00:00,69.17
2017-07-30 14:00:00,58.69
2017-07-31 02:00:00,67.64
2017-07-31 14:00:00,59.11
2017-08-01 02:00:00,67.12
2017-08-01 14:00:00,63.25
2017-08-02 02:00:00,71.66
2017-08-02 14:00:00,62.12
2017-08-03 02:00:00,69.94
2017-08-03 14:00:00,60.5
2017-08-04 02:00:00,68.71
2017-08-04 14:00:00,63.5
2017-08-05 02:00:00,73.27
2017-08-05 14:00:00,62.04
2017-08-06 02:00:00,73.34
2017-08-06 14:00:00,60.43
2017-08-07 02:00:00,71.71
2017-08-07 14:00:00,69.13
2017-08-08 02:00:00,77.16
2017-08-08 14:00:00,71.66
2017-08-09 02:00:00,77.9
2017-08-09 14:00:00,64.92
2017-08-10 02:00:00,76.57
2017-08-10 14:00:00,71.27
2017-08-11 02:00:00,83.58
2017-08-11 14:00:00,86.38
2017-08-12 02:00:00,86.66
2017-08-12 14:00:00,82.29
2017-08-13 02:00:00,83.46
2017-08-13 14:00:00,69.65
2017-08-14 02:00:00,80.84
2017-08-14 14:00:00,68.5
2017-08-15 02:00:00,76.8
2017-08-15 14:00:00,67.55
2017-08-16 02:00:00,74.53
2017-08-16 14:00:00,65.0
2017-08-17 02:00:00,74.62
2017-08-17 14:00:00,70.9
2017-08-18 02:00:00,78.67
2017-08-18 14:00:00,75.63
2017-08-19 02:00:00,77.49
2017-08-19 14:00:00,72.17
2017-08-20 02:00:00,79.79
2017-08-20 14:00:00,79.3
2017-08-21 02:00:00,81.62
2017-08-21 14:00:00,74.59
2017-08-22 02:00:00,80.51
2017-08-22 14:00:00,67.59
2017-08-23 02:00:00,80.64
2017-08-23 14:00:00,64.74
2017-08-24 02:00:00,79.58
2017-08-24 14:00:00,67.08
2017-08-25 02:00:00,79.24
2017-08-25 14:00:00,68.82
2017-08-26 02:00:00,83.13
2017-08-26 14:00:00,72.87
2017-08-27 02:00:00,80.93
2017-08-27 14:00:00,72.51
2017-08-28 02:00:00,84.98
2017-08-28 14:00:00,75.22
2017-08-29 02:00:00,84.47
2017-08-29 14:00:00,72.71
2017-08-30 02:00:00,80.83
2017-08-30 14:00:00,78.13
2017-08-31 02:00:00,83.71
2017-08-31 14:00:00,80.95
2017-09-01 02:00:00,86.92
2017-09-01 14:00:00,84.15
2017-09-02 02:00:00,89.77
2017-09-02 14:00:00,85.04
2017-09-03 02:00:00,88.16
2017-09-03 14:00:00,82.35
2017-09-04 02:00:00,89.13
2017-09-04 14:00:00,56.75
2017-09-05 02:00:00,-33.33
2017-09-05 14:00:00,-94.92
2017-09-06 02:00:00,77.39
2017-09-06 14:00:00,89.2
2017-09-07 02:00:00,91.71
2017-09-07 14:00:00,87.61
2017-09-08 02:00:00,88.59
2017-09-08 14:00:00,87.77
2017-09-09 02:00:00,71.44
2017-09-09 14:00:00,85.08
2017-09-10 02:00:00,88.77
2017-09-10 14:00:00,59.53
2017-09-11 02:00:00,-48.1
2017-09-11 14:00:00,47.41
2017-09-12 02:00:00,89.59
2017-09-12 14:00:00,91.37
2017-09-13 02:00:00,94.83
2017-09-13 14:00:00,92.61
2017-09-14 02:00:00,95.05
2017-09-14 14:00:00,90.39
2017-09-15 02:00:00,94.51
2017-09-15 14:00:00,88.05
2017-09-16 02:00:00,92.3
2017-09-16 14:00:00,92.44
2017-09-17 02:00:00,91.09
2017-09-17 14:00:00,90.64
2017-09-18 02:00:00,90.89
2017-09-18 14:00:00,91.54
2017-09-19 02:00:00,93.54
2017-09-19 14:00:00,87.29
2017-09-20 02:00:00,91.59
2017-09-20 14:00:00,82.53
2017-09-21 02:00:00,87.42
2017-09-21 14:00:00,82.54
2017-09-22 02:00:00,86.93
2017-09-22 14:00:00,84.07
2017-09-23 02:00:00,86.98
2017-09-23 14:00:00,83.24
2017-09-24 02:00:00,68.01
2017-09-24 14:00:00,-52.25
2017-09-25 02:00:00,-93.45
2017-09-25 14:00:00,-97.95
2017-09-26 02:00:00,-100.0
2017-09-26 14:00:00,-100.0
2017-09-27 02:00:00,-15.61
2017-09-27 14:00:00,-75.84
2017-09-28 02:00:00,-99.72
2017-09-28 14:00:00,30.86
2017-09-29 02:00:00,87.8
2017-09-29 14:00:00,84.79
2017-09-30 02:00:00,87.81
2017-09-30 14:00:00,86.01
2017-10-01 02:00:00,88.12
2017-10-01 14:00:00,88.15
2017-10-02 02:00:00,88.55
2017-10-02 14:00:00,87.32
2017-10-03 02:00:00,88.89
2017-10-03 14:00:00,88.71
2017-10-04 02:00:00,88.59
2017-10-04 14:00:00,88.66
2017-10-05 02:00:00,88.54
2017-10-05 14:00:00,90.04
2017-10-06 02:00:00,88.87
2017-10-06 14:00:00,89.43
2017-10-07 02:00:00,90.3
2017-10-07 14:00:00,89.22
2017-10-08 02:00:00,90.36
2017-10-08 14:00:00,91.05
2017-10-09 02:00:00,89.91
2017-10-09 14:00:00,88.02
2017-10-10 02:00:00,88.66
2017-10-10 14:00:00,88.42
2017-10-11 02:00:00,89.01
2017-10-11 14:00:00,89.37
2017-10-12 02:00:00,89.76
2017-10-12 14:00:00,89.67
2017-10-13 02:00:00,90.38
2017-10-13 14:00:00,88.7
2017-10-14 02:00:00,88.98
2017-10-14 14:00:00,89.16
2017-10-15 02:00:00,91.26
2017-10-15 14:00:00,88.76
2017-10-16 02:00:00,92.73
2017-10-16 14:00:00,90.22
2017-10-17 02:00:00,93.63
2017-10-17 14:00:00,91.14
2017-10-18 02:00:00,93.04
2017-10-18 14:00:00,91.94
2017-10-19 02:00:00,92.28
2017-10-19 14:00:00,90.91
2017-10-20 02:00:00,92.81
2017-10-20 14:00:00,93.12
2017-10-21 02:00:00,93.25
2017-10-21 14:00:00,92.2
2017-10-22 02:00:00,94.37
2017-10-22 14:00:00,93.4
2017-10-23 02:00:00,92.69
2017-10-23 14:00:00,93.23
2017-10-24 02:00:00,92.57
2017-10-24 14:00:00,92.89
2017-10-25 02:00:00,92.99
2017-10-25 14:00:00,92.64
2017-10-26 02:00:00,94.75
2017-10-26 14:00:00,94.2
2017-10-27 02:00:00,94.45
2017-10-27 14:00:00,93.94
2017-10-28 02:00:00,92.78
2017-10-28 14:00:00,92.81
2017-10-29 02:00:00,93.11
2017-10-29 13:00:00,93.3
2017-10-30 01:00:00,93.5
2017-10-30 13:00:00,91.68
2017-10-31 01:00:00,90.23
2017-10-31 13:00:00,89.65
2017-11-01 01:00:00,88.51
2017-11-01 13:00:00,92.13
2017-11-02 01:00:00,91.63
2017-11-02 13:00:00,93.63
2017-11-03 01:00:00,92.31
2017-11-03 13:00:00,90.77
2017-11-04 01:00:00,90.48
2017-11-04 13:00:00,88.11
2017-11-05 01:00:00,86.21
2017-11-05 13:00:00,90.35
2017-11-06 01:00:00,93.32
2017-11-06 13:00:00,91.65
2017-11-07 01:00:00,93.08
2017-11-07 13:00:00,90.8
2017-11-08 01:00:00,89.74
2017-11-08 13:00:00,88.46
2017-11-09 01:00:00,87.35
2017-11-09 13:00:00,87.73
2017-11-10 01:00:00,86.56
2017-11-10 13:00:00,89.8
2017-11-11 01:00:00,90.2
2017-11-11 13:00:00,89.76
2017-11-12 01:00:00,89.65
2017-11-12 13:00:00,88.93
2017-11-13 01:00:00,89.52
2017-11-13 13:00:00,90.62
2017-11-14 01:00:00,91.79
2017-11-14 13:00:00,90.8
2017-11-15 01:00:00,89.66
2017-11-15 13:00:00,89.89
2017-11-16 01:00:00,87.98
2017-11-16 13:00:00,87.93
2017-11-17 01:00:00,90.74
2017-11-17 13:00:00,88.71
2017-11-18 01:00:00,87.77
2017-11-18 13:00:00,88.87
2017-11-19 01:00:00,88.44
2017-11-19 13:00:00,90.3
2017-11-20 01:00:00,89.76
2017-11-20 13:00:00,89.01
2017-11-21 01:00:00,87.76
2017-11-21 13:00:00,88.63
2017-11-22 01:00:00,89.16
2017-11-22 13:00:00,88.71
2017-11-23 01:00:00,89.16
2017-11-23 13:00:00,89.57
2017-11-24 01:00:00,91.37
2017-11-24 13:00:00,91.17
2017-11-25 01:00:00,90.19
2017-11-25 13:00:00,90.7
2017-11-26 01:00:00,90.37
2017-11-26 13:00:00,90.18
2017-11-27 01:00:00,88.69
2017-11-27 13:00:00,89.16
2017-11-28 01:00:00,88.45
2017-11-28 13:00:00,88.41
2017-11-29 01:00:00,87.98
2017-11-29 13:00:00,88.3
2017-11-30 01:00:00,89.28
2017-11-30 13:00:00,89.53
2017-12-01 01:00:00,89.57
2017-12-01 13:00:00,90.83
2017-12-02 01:00:00,90.07
2017-12-02 13:00:00,90.22
2017-12-03 01:00:00,90.12
2017-12-03 13:00:00,91.25
2017-12-04 01:00:00,89.07
2017-12-04 13:00:00,89.55
2017-12-05 01:00:00,90.31
2017-12-05 13:00:00,89.26
2017-12-06 01:00:00,88.06
2017-12-06 13:00:00,88.52
2017-12-07 01:00:00,88.3
2017-12-07 13:00:00,88.52
2017-12-08 01:00:00,89.82
2017-12-08 13:00:00,91.96
2017-12-09 01:00:00,90.67
2017-12-09 13:00:00,90.17
2017-12-10 01:00:00,90.31
2017-12-10 13:00:00,91.04
2017-12-11 01:00:00,91.03
2017-12-11 13:00:00,90.91
2017-12-12 01:00:00,90.75
2017-12-12 13:00:00,90.5
2017-12-13 01:00:00,91.1
2017-12-13 13:00:00,91.14
2017-12-14 01:00:00,91.17
2017-12-14 13:00:00,90.87
2017-12-15 01:00:00,90.85
2017-12-15 13:00:00,90.82
2017-12-16 01:00:00,90.45
2017-12-16 13:00:00,92.27
2017-12-17 01:00:00,93.19
2017-12-17 13:00:00,92.83
2017-12-18 01:00:00,91.94
2017-12-18 13:00:00,91.61
2017-12-19 01:00:00,92.04
2017-12-19 13:00:00,92.02
2017-12-20 01:00:00,90.53
2017-12-20 13:00:00,91.38
2017-12-21 01:00:00,90.03
2017-12-21 13:00:00,89.38
2017-12-22 01:00:00,89.02
2017-12-22 13:00:00,90.78
2017-12-23 01:00:00,90.52
2017-12-23 13:00:00,91.69
2017-12-24 01:00:00,90.12
2017-12-24 13:00:00,89.82
2017-12-25 01:00:00,89.11
2017-12-25 13:00:00,89.11
2017-12-26 01:00:00,91.9
2017-12-26 13:00:00,91.29
2017-12-27 01:00:00,92.59
2017-12-27 13:00:00,92.12
2017-12-28 01:00:00,93.85
2017-12-28 13:00:00,91.57
2017-12-29 01:00:00,90.35
2017-12-29 13:00:00,91.6
2017-12-30 01:00:00,91.08
2017-12-30 13:00:00,91.08
2017-12-31 01:00:00,90.21
2017-12-31 13:00:00,89.55
2018-01-01 01:00:00,89.84
2018-01-01 13:00:00,91.62
2018-01-02 01:00:00,92.7
2018-01-02 13:00:00,90.78
2018-01-03 01:00:00,90.43
2018-01-03 13:00:00,89.78
2018-01-04 01:00:00,89.62
2018-01-04 13:00:00,89.83
2018-01-05 01:00:00,89.16
2018-01-05 13:00:00,89.84
2018-01-06 01:00:00,89.87
2018-01-06 13:00:00,91.1
2018-01-07 01:00:00,94.22
2018-01-07 13:00:00,94.17
2018-01-08 01:00:00,96.77
2018-01-08 13:00:00,94.51
2018-01-09 01:00:00,92.36
2018-01-09 13:00:00,92.26
2018-01-10 01:00:00,90.58
2018-01-10 13:00:00,91.74
2018-01-11 01:00:00,92.78
2018-01-11 13:00:00,92.07
2018-01-12 01:00:00,91.24
2018-01-12 13:00:00,92.13
2018-01-13 01:00:00,92.16
2018-01-13 13:00:00,93.11
2018-01-14 01:00:00,93.88
2018-01-14 13:00:00,94.33
2018-01-15 01:00:00,95.24
2018-01-15 13:00:00,93.61
2018-01-16 01:00:00,91.73
2018-01-16 13:00:00,92.68
2018-01-17 01:00:00,93.79
2018-01-17 13:00:00,93.52
2018-01-18 01:00:00,93.35
2018-01-18 13:00:00,93.62
2018-01-19 01:00:00,93.59
2018-01-19 13:00:00,93.47
2018-01-20 01:00:00,94.06
2018-01-20 13:00:00,93.72
2018-01-21 01:00:00,95.06
2018-01-21 13:00:00,95.47
2018-01-22 01:00:00,96.03
2018-01-22 13:00:00,95.34
2018-01-23 01:00:00,95.06
2018-01-23 13:00:00,93.78
2018-01-24 01:00:00,92.46
2018-01-24 13:00:00,90.54
2018-01-25 01:00:00,94.29
2018-01-25 13:00:00,93.57
2018-01-26 01:00:00,94.85
2018-01-26 13:00:00,93.17
2018-01-27 01:00:00,93.05
2018-01-27 13:00:00,91.85
2018-01-28 01:00:00,91.01
2018-01-28 13:00:00,91.33
2018-01-29 01:00:00,91.37
2018-01-29 13:00:00,93.5
2018-01-30 01:00:00,95.54
2018-01-30 13:00:00,93.92
2018-01-31 01:00:00,94.53
2018-01-31 13:00:00,94.31
2018-02-01 01:00:00,95.74
2018-02-01 13:00:00,93.81
2018-02-02 01:00:00,93.0
2018-02-02 13:00:00,92.71
2018-02-03 01:00:00,95.6
2018-02-03 13:00:00,96.7
2018-02-04 01:00:00,96.02
2018-02-04 13:00:00,94.51
2018-02-05 01:00:00,94.27
2018-02-05 13:00:00,94.68
2018-02-06 01:00:00,96.61
2018-02-06 13:00:00,96.74
2018-02-07 01:00:00,97.34
2018-02-07 13:00:00,97.61
2018-02-08 01:00:00,97.52
2018-02-08 13:00:00,97.95
2018-02-09 01:00:00,97.85
2018-02-09 13:00:00,98.14
2018-02-10 01:00:00,98.2
2018-02-10 13:00:00,97.85
2018-02-11 01:00:00,96.83
2018-02-11 13:00:00,96.25
2018-02-12 01:00:00,96.73
2018-02-12 13:00:00,96.59
2018-02-13 01:00:00,97.52
2018-02-13 13:00:00,97.39
2018-02-14 01:00:00,98.01
2018-02-14 13:00:00,96.93
2018-02-15 01:00:00,96.78
2018-02-15 13:00:00,95.85
2018-02-16 01:00:00,95.29
2018-02-16 13:00:00,95.43
2018-02-17 01:00:00,94.58
2018-02-17 13:00:00,94.64
2018-02-18 01:00:00,95.18
2018-02-18 13:00:00,95.28
2018-02-19 01:00:00,95.79
2018-02-19 13:00:00,94.94
2018-02-20 01:00:00,96.7
2018-02-20 13:00:00,96.11
2018-02-21 01:00:00,96.81
2018-02-21 13:00:00,96.09
2018-02-22 01:00:00,95.76
2018-02-22 13:00:00,95.27
2018-02-23 01:00:00,95.87
2018-02-23 13:00:00,95.87
2018-02-24 01:00:00,94.9
2018-02-24 13:00:00,95.28
2018-02-25 01:00:00,96.44
2018-02-25 13:00:00,95.45
2018-02-26 01:00:00,95.27
2018-02-26 13:00:00,95.05
2018-02-27 01:00:00,95.59
2018-02-27 13:00:00,95.97
2018-02-28 01:00:00,96.42
2018-02-28 13:00:00,96.41
2018-03-01 01:00:00,95.43
2018-03-01 13:00:00,96.03
2018-03-02 01:00:00,96.24
2018-03-02 13:00:00,96.32
2018-03-03 01:00:00,95.99
2018-03-03 13:00:00,94.82
2018-03-04 01:00:00,95.89
2018-03-04 13:00:00,91.4
2018-03-05 01:00:00,93.59
2018-03-05 13:00:00,91.87
2018-03-06 01:00:00,95.95
2018-03-06 13:00:00,93.24
2018-03-07 01:00:00,94.1
2018-03-07 13:00:00,93.68
2018-03-08 01:00:00,93.44
2018-03-08 13:00:00,93.33
2018-03-09 01:00:00,93.96
2018-03-09 13:00:00,93.91
2018-03-10 01:00:00,94.64
2018-03-10 13:00:00,93.77
2018-03-11 01:00:00,93.09
2018-03-11 13:00:00,92.64
2018-03-12 01:00:00,94.83
2018-03-12 13:00:00,93.73
2018-03-13 01:00:00,93.53
2018-03-13 13:00:00,94.26
2018-03-14 01:00:00,94.65
2018-03-14 13:00:00,94.22
2018-03-15 01:00:00,94.28
2018-03-15 13:00:00,93.98
2018-03-16 01:00:00,94.45
2018-03-16 13:00:00,94.44
2018-03-17 01:00:00,95.06
2018-03-17 13:00:00,94.22
2018-03-18 01:00:00,94.31
2018-03-18 13:00:00,89.87
2018-03-19 01:00:00,92.38
2018-03-19 13:00:00,81.35
2018-03-20 01:00:00,88.74
2018-03-20 13:00:00,86.78
2018-03-21 01:00:00,91.97
2018-03-21 13:00:00,87.53
2018-03-22 01:00:00,90.59
2018-03-22 13:00:00,91.02
2018-03-23 01:00:00,92.13
2018-03-23 13:00:00,91.07
2018-03-24 01:00:00,91.71
2018-03-24 13:00:00,88.95
2018-03-25 01:00:00,90.91
2018-03-25 14:00:00,88.25
2018-03-26 02:00:00,91.9
2018-03-26 14:00:00,91.68
2018-03-27 02:00:00,92.65
2018-03-27 14:00:00,90.26
2018-03-28 02:00:00,91.77
2018-03-28 14:00:00,92.06
2018-03-29 02:00:00,92.69
2018-03-29 14:00:00,92.22
2018-03-30 02:00:00,92.63
2018-03-30 14:00:00,91.19
2018-03-31 02:00:00,93.03
2018-03-31 14:00:00,92.94
2018-04-01 02:00:00,92.67
2018-04-01 14:00:00,92.59
2018-04-02 02:00:00,93.23
2018-04-02 14:00:00,88.02
2018-04-03 02:00:00,91.28
2018-04-03 14:00:00,89.6
2018-04-04 02:00:00,91.3
2018-04-04 14:00:00,89.16
2018-04-05 02:00:00,93.4
2018-04-05 14:00:00,94.28
2018-04-06 02:00:00,94.57
2018-04-06 14:00:00,84.8
2018-04-07 02:00:00,87.92
2018-04-07 14:00:00,73.81
2018-04-08 02:00:00,86.98
2018-04-08 14:00:00,71.56
2018-04-09 02:00:00,87.16
2018-04-09 14:00:00,79.64
2018-04-10 02:00:00,93.9
2018-04-10 14:00:00,93.53
2018-04-11 02:00:00,92.53
2018-04-11 14:00:00,90.82
2018-04-12 02:00:00,90.16
2018-04-12 14:00:00,89.26
2018-04-13 02:00:00,90.8
2018-04-13 14:00:00,91.2
2018-04-14 02:00:00,90.73
2018-04-14 14:00:00,90.51
2018-04-15 02:00:00,90.24
2018-04-15 14:00:00,91.18
2018-04-16 02:00:00,92.33
2018-04-16 14:00:00,89.7
2018-04-17 02:00:00,92.74
2018-04-17 14:00:00,83.47
2018-04-18 02:00:00,90.1
2018-04-18 14:00:00,80.09
2018-04-19 02:00:00,89.56
2018-04-19 14:00:00,78.1
2018-04-20 02:00:00,88.57
2018-04-20 14:00:00,76.41
2018-04-21 02:00:00,90.92
2018-04-21 14:00:00,80.93
2018-04-22 02:00:00,90.4
2018-04-22 14:00:00,80.4
2018-04-23 02:00:00,87.53
2018-04-23 14:00:00,83.83
2018-04-24 02:00:00,90.26
2018-04-24 14:00:00,86.95
2018-04-25 02:00:00,88.29
2018-04-25 14:00:00,88.92
2018-04-26 02:00:00,90.19
2018-04-26 14:00:00,86.93
2018-04-27 02:00:00,88.71
2018-04-27 14:00:00,79.53
2018-04-28 02:00:00,90.59
2018-04-28 14:00:00,86.93
2018-04-29 02:00:00,88.19
2018-04-29 14:00:00,82.65
2018-04-30 02:00:00,88.98
2018-04-30 14:00:00,90.79
2018-05-01 02:00:00,96.34
2018-05-01 14:00:00,15.79
2018-05-02 02:00:00,-100.0
2018-05-02 14:00:00,79.98
2018-05-03 02:00:00,93.0
2018-05-03 14:00:00,87.06
2018-05-04 02:00:00,93.94
2018-05-04 14:00:00,90.84
2018-05-05 02:00:00,97.69
2018-05-05 14:00:00,92.4
2018-05-06 02:00:00,96.01
2018-05-06 14:00:00,88.46
2018-05-07 02:00:00,97.05
2018-05-07 14:00:00,83.15
2018-05-08 02:00:00,92.23
2018-05-08 14:00:00,71.17
2018-05-09 02:00:00,85.08
2018-05-09 14:00:00,72.55
2018-05-10 02:00:00,85.31
2018-05-10 14:00:00,81.02
2018-05-11 02:00:00,93.2
2018-05-11 14:00:00,86.08
2018-05-12 02:00:00,95.13
2018-05-12 14:00:00,87.04
2018-05-13 02:00:00,95.65
2018-05-13 14:00:00,84.13
2018-05-14 02:00:00,91.53
2018-05-14 14:00:00,78.63
2018-05-15 02:00:00,88.49
2018-05-15 14:00:00,67.92
2018-05-16 02:00:00,83.82
2018-05-16 14:00:00,60.35
2018-05-17 02:00:00,84.26
2018-05-17 14:00:00,75.54
2018-05-18 02:00:00,89.29
2018-05-18 14:00:00,85.6
2018-05-19 02:00:00,96.16
2018-05-19 14:00:00,80.9
2018-05-20 02:00:00,88.32
2018-05-20 14:00:00,71.78
2018-05-21 02:00:00,85.92
2018-05-21 14:00:00,69.67
2018-05-22 02:00:00,79.63
2018-05-22 14:00:00,64.96
2018-05-23 02:00:00,74.94
2018-05-23 14:00:00,58.67
2018-05-24 02:00:00,74.63
2018-05-24 14:00:00,62.04
2018-05-25 02:00:00,71.03
2018-05-25 14:00:00,65.72
2018-05-26 02:00:00,75.89
2018-05-26 14:00:00,65.87
2018-05-27 02:00:00,79.5
2018-05-27 14:00:00,75.47
2018-05-28 02:00:00,80.07
2018-05-28 14:00:00,70.36
2018-05-29 02:00:00,71.0
2018-05-29 14:00:00,59.91
2018-05-30 02:00:00,67.95
2018-05-30 14:00:00,60.62
2018-05-31 02:00:00,68.39
2018-05-31 14:00:00,62.6
2018-06-01 02:00:00,70.74
2018-06-01 14:00:00,63.15
2018-06-02 02:00:00,74.88
2018-06-02 14:00:00,66.06
2018-06-03 02:00:00,71.15
2018-06-03 14:00:00,64.07
2018-06-04 02:00:00,73.06
2018-06-04 14:00:00,63.46
2018-06-05 02:00:00,71.01
2018-06-05 14:00:00,60.89
2018-06-06 02:00:00,68.6
2018-06-06 14:00:00,52.41
2018-06-07 02:00:00,60.67
2018-06-07 14:00:00,52.66
2018-06-08 02:00:00,64.59
2018-06-08 14:00:00,53.38
2018-06-09 02:00:00,58.83
2018-06-09 14:00:00,55.93
2018-06-10 02:00:00,66.67
2018-06-10 14:00:00,56.96
2018-06-11 02:00:00,58.68
2018-06-11 14:00:00,50.48
2018-06-12 02:00:00,60.1
2018-06-12 14:00:00,53.58
2018-06-13 02:00:00,67.32
2018-06-13 14:00:00,52.63
2018-06-14 02:00:00,61.84
2018-06-14 14:00:00,56.45
2018-06-15 02:00:00,58.38
2018-06-15 14:00:00,47.72
2018-06-16 02:00:00,60.2
2018-06-16 14:00:00,58.73
2018-06-17 02:00:00,60.11
2018-06-17 14:00:00,53.74
2018-06-18 02:00:00,63.01
2018-06-18 14:00:00,60.84
2018-06-19 02:00:00,69.98
2018-06-19 14:00:00,59.99
2018-06-20 02:00:00,70.21
2018-06-20 14:00:00,58.49
2018-06-21 02:00:00,74.2
2018-06-21 14:00:00,73.66
2018-06-22 02:00:00,82.47
2018-06-22 14:00:00,62.64
2018-06-23 02:00:00,79.16
2018-06-23 14:00:00,78.84
2018-06-24 02:00:00,85.33
2018-06-24 14:00:00,78.87
2018-06-25 02:00:00,84.11
2018-06-25 14:00:00,71.85
2018-06-26 02:00:00,81.31
2018-06-26 14:00:00,68.2
2018-06-27 02:00:00,74.28
2018-06-27 14:00:00,64.03
2018-06-28 02:00:00,73.23
2018-06-28 14:00:00,58.54
2018-06-29 02:00:00,69.83
2018-06-29 14:00:00,60.8
2018-06-30 02:00:00,71.16
2018-06-30 14:00:00,53.77
2018-07-01 02:00:00,68.74
2018-07-01 14:00:00,52.33
2018-07-02 02:00:00,67.93
2018-07-02 14:00:00,48.12
2018-07-03 02:00:00,65.28
2018-07-03 14:00:00,52.59
2018-07-04 02:00:00,70.58
2018-07-04 14:00:00,58.14
2018-07-05 02:00:00,76.13
2018-07-05 14:00:00,65.8
2018-07-06 02:00:00,72.95
2018-07-06 14:00:00,50.13
2018-07-07 02:00:00,67.91
2018-07-07 14:00:00,54.24
2018-07-08 02:00:00,69.12
2018-07-08 14:00:00,52.23
2018-07-09 02:00:00,70.87
2018-07-09 14:00:00,61.99
2018-07-10 02:00:00,74.83
2018-07-10 14:00:00,69.73
2018-07-11 02:00:00,79.33
2018-07-11 14:00:00,79.9
2018-07-12 02:00:00,79.76
2018-07-12 14:00:00,61.91
2018-07-13 02:00:00,73.26
2018-07-13 14:00:00,62.57
2018-07-14 02:00:00,75.82
2018-07-14 14:00:00,73.23
2018-07-15 02:00:00,80.68
2018-07-15 14:00:00,69.5
2018-07-16 02:00:00,80.44
2018-07-16 14:00:00,62.58
2018-07-17 02:00:00,75.93
2018-07-17 14:00:00,58.74
2018-07-18 02:00:00,73.02
2018-07-18 14:00:00,57.07
2018-07-19 02:00:00,72.12
2018-07-19 14:00:00,55.28
2018-07-20 02:00:00,73.58
2018-07-20 14:00:00,56.8
2018-07-21 02:00:00,74.56
2018-07-21 14:00:00,57.75
2018-07-22 02:00:00,68.56
2018-07-22 14:00:00,56.57
2018-07-23 02:00:00,73.21
2018-07-23 14:00:00,62.85
2018-07-24 02:00:00,72.23
2018-07-24 14:00:00,57.87
2018-07-25 02:00:00,69.71
2018-07-25 14:00:00,56.3
2018-07-26 02:00:00,69.1
2018-07-26 14:00:00,55.48
2018-07-27 02:00:00,69.81
2018-07-27 14:00:00,61.6
2018-07-28 02:00:00,69.76
2018-07-28 14:00:00,63.37
2018-07-29 02:00:00,72.36
2018-07-29 14:00:00,61.52
2018-07-30 02:00:00,65.89
2018-07-30 14:00:00,57.85
2018-07-31 02:00:00,62.3
2018-07-31 14:00:00,55.04
2018-08-01 02:00:00,63.29
2018-08-01 14:00:00,55.43
2018-08-02 02:00:00,65.8
2018-08-02 14:00:00,54.92
2018-08-03 02:00:00,67.01
2018-08-03 14:00:00,57.48
2018-08-04 02:00:00,67.19
2018-08-04 14:00:00,58.94
2018-08-05 02:00:00,66.9
2018-08-05 14:00:00,61.56
2018-08-06 02:00:00,70.58
2018-08-06 14:00:00,54.85
2018-08-07 02:00:00,65.32
2018-08-07 14:00:00,50.08
2018-08-08 02:00:00,58.31
2018-08-08 14:00:00,53.71
2018-08-09 02:00:00,65.2
2018-08-09 14:00:00,62.07
2018-08-10 02:00:00,70.92
2018-08-10 14:00:00,67.07
2018-08-11 02:00:00,76.73
2018-08-11 14:00:00,77.03
2018-08-12 02:00:00,80.5
2018-08-12 14:00:00,71.33
2018-08-13 02:00:00,73.96
2018-08-13 14:00:00,68.59
2018-08-14 02:00:00,76.16
2018-08-14 14:00:00,74.22
2018-08-15 02:00:00,78.49
2018-08-15 14:00:00,72.52
2018-08-16 02:00:00,76.97
2018-08-16 14:00:00,67.06
2018-08-17 02:00:00,74.13
2018-08-17 14:00:00,72.12
2018-08-18 02:00:00,78.87
2018-08-18 14:00:00,69.55
2018-08-19 02:00:00,76.27
2018-08-19 14:00:00,70.49
2018-08-20 02:00:00,75.29
2018-08-20 14:00:00,70.4
2018-08-21 02:00:00,77.85
2018-08-21 14:00:00,69.26
2018-08-22 02:00:00,77.19
2018-08-22 14:00:00,64.63
2018-08-23 02:00:00,74.83
2018-08-23 14:00:00,67.3
2018-08-24 02:00:00,73.59
2018-08-24 14:00:00,70.85
2018-08-25 02:00:00,78.74
2018-08-25 14:00:00,79.85
2018-08-26 02:00:00,82.45
2018-08-26 14:00:00,76.99
2018-08-27 02:00:00,79.08
2018-08-27 14:00:00,79.1
2018-08-28 02:00:00,81.74
2018-08-28 14:00:00,78.76
2018-08-29 02:00:00,81.61
2018-08-29 14:00:00,72.09
2018-08-30 02:00:00,78.36
2018-08-30 14:00:00,81.4
2018-08-31 02:00:00,83.7
2018-08-31 14:00:00,81.74
2018-09-01 02:00:00,83.59
2018-09-01 14:00:00,83.43
2018-09-02 02:00:00,87.09
2018-09-02 14:00:00,83.49
2018-09-03 02:00:00,84.06
2018-09-03 14:00:00,79.43
2018-09-04 02:00:00,83.52
2018-09-04 14:00:00,78.84
2018-09-05 02:00:00,83.94
2018-09-05 14:00:00,79.07
2018-09-06 02:00:00,83.35
2018-09-06 14:00:00,79.69
2018-09-07 02:00:00,82.22
2018-09-07 14:00:00,80.7
2018-09-08 02:00:00,83.92
2018-09-08 14:00:00,82.35
2018-09-09 02:00:00,83.65
2018-09-09 14:00:00,81.05
2018-09-10 02:00:00,83.6
2018-09-10 14:00:00,80.32
2018-09-11 02:00:00,83.12
2018-09-11 14:00:00,82.24
2018-09-12 02:00:00,84.79
2018-09-12 14:00:00,85.05
2018-09-13 02:00:00,85.77
2018-09-13 14:00:00,84.27
2018-09-14 02:00:00,87.56
2018-09-14 14:00:00,85.68
2018-09-15 02:00:00,87.26
2018-09-15 14:00:00,87.43
2018-09-16 02:00:00,88.34
2018-09-16 14:00:00,87.11
2018-09-17 02:00:00,88.45
2018-09-17 14:00:00,86.52
2018-09-18 02:00:00,88.46
2018-09-18 14:00:00,84.83
2018-09-19 02:00:00,87.02
2018-09-19 14:00:00,83.87
2018-09-20 02:00:00,84.88
2018-09-20 14:00:00,81.33
2018-09-21 02:00:00,83.8
2018-09-21 14:00:00,83.23
2018-09-22 02:00:00,87.56
2018-09-22 14:00:00,87.89
2018-09-23 02:00:00,89.21
2018-09-23 14:00:00,89.79
2018-09-24 02:00:00,90.74
2018-09-24 14:00:00,89.37
2018-09-25 02:00:00,90.58
2018-09-25 14:00:00,90.96
2018-09-26 02:00:00,91.34
2018-09-26 14:00:00,89.37
2018-09-27 02:00:00,90.09
2018-09-27 14:00:00,89.0
2018-09-28 02:00:00,89.72
2018-09-28 14:00:00,89.12
2018-09-29 02:00:00,90.07
2018-09-29 14:00:00,89.43
2018-09-30 02:00:00,90.87
2018-09-30 14:00:00,89.63
2018-10-01 02:00:00,90.64
2018-10-01 14:00:00,91.49
2018-10-02 02:00:00,92.93
2018-10-02 14:00:00,92.99
2018-10-03 02:00:00,92.54
2018-10-03 14:00:00,91.87
2018-10-04 02:00:00,92.07
2018-10-04 14:00:00,92.45
2018-10-05 02:00:00,92.56
2018-10-05 14:00:00,91.37
2018-10-06 02:00:00,92.08
2018-10-06 14:00:00,92.17
2018-10-07 02:00:00,93.21
2018-10-07 14:00:00,93.71
2018-10-08 02:00:00,94.01
2018-10-08 14:00:00,93.6
2018-10-09 02:00:00,94.68
2018-10-09 14:00:00,93.8
2018-10-10 02:00:00,94.7
2018-10-10 14:00:00,94.18
2018-10-11 02:00:00,94.67
2018-10-11 14:00:00,93.41
2018-10-12 02:00:00,93.6
2018-10-12 14:00:00,92.7
2018-10-13 02:00:00,93.2
2018-10-13 14:00:00,91.07
2018-10-14 02:00:00,90.78
2018-10-14 14:00:00,89.98
2018-10-15 02:00:00,91.05
2018-10-15 14:00:00,90.49
2018-10-16 02:00:00,92.12
2018-10-16 14:00:00,91.51
2018-10-17 02:00:00,92.19
2018-10-17 14:00:00,92.28
2018-10-18 02:00:00,92.74
2018-10-18 14:00:00,92.71
2018-10-19 02:00:00,93.92
2018-10-19 14:00:00,94.42
2018-10-20 02:00:00,94.71
2018-10-20 14:00:00,94.3
2018-10-21 02:00:00,94.97
2018-10-21 14:00:00,94.96
2018-10-22 02:00:00,96.06
2018-10-22 14:00:00,96.42
2018-10-23 02:00:00,96.38
2018-10-23 14:00:00,95.97
2018-10-24 02:00:00,95.96
2018-10-24 14:00:00,95.45
2018-10-25 02:00:00,94.97
2018-10-25 14:00:00,94.81
2018-10-26 02:00:00,94.91
2018-10-26 14:00:00,95.02
2018-10-27 02:00:00,95.6
2018-10-27 14:00:00,95.94
2018-10-28 02:00:00,96.52
2018-10-28 13:00:00,96.55
2018-10-29 01:00:00,96.03
2018-10-29 13:00:00,95.57
2018-10-30 01:00:00,95.06
2018-10-30 13:00:00,95.7
2018-10-31 01:00:00,96.53
2018-10-31 13:00:00,96.56
2018-11-01 01:00:00,96.87
2018-11-01 13:00:00,96.49
2018-11-02 01:00:00,97.36
2018-11-02 13:00:00,96.96
2018-11-03 01:00:00,97.74
2018-11-03 13:00:00,98.11
2018-11-04 01:00:00,98.34
2018-11-04 13:00:00,97.88
2018-11-05 01:00:00,97.61
2018-11-05 13:00:00,97.54
2018-11-06 01:00:00,98.32
2018-11-06 13:00:00,98.27
2018-11-07 01:00:00,98.64
2018-11-07 13:00:00,98.5
2018-11-08 01:00:00,98.87
2018-11-08 13:00:00,98.89
2018-11-09 01:00:00,98.89
2018-11-09 13:00:00,98.7
2018-11-10 01:00:00,98.69
2018-11-10 13:00:00,98.29
2018-11-11 01:00:00,98.1
2018-11-11 13:00:00,97.77
2018-11-12 01:00:00,98.13
2018-11-12 13:00:00,97.82
2018-11-13 01:00:00,97.89
2018-11-13 13:00:00,97.81
2018-11-14 01:00:00,97.82
2018-11-14 13:00:00,97.76
2018-11-15 01:00:00,97.92
2018-11-15 13:00:00,98.18
2018-11-16 01:00:00,98.79
2018-11-16 13:00:00,98.8
2018-11-17 01:00:00,99.04
2018-11-17 13:00:00,99.28
2018-11-18 01:00:00,99.14
2018-11-18 13:00:00,98.79
2018-11-19 01:00:00,98.97
2018-11-19 13:00:00,99.25
2018-11-20 01:00:00,99.56
2018-11-20 13:00:00,99.76
2018-11-21 01:00:00,99.94
2018-11-21 13:00:00,99.98
2018-11-22 01:00:00,99.97
2018-11-22 13:00:00,99.97
2018-11-23 01:00:00,99.94
2018-11-23 13:00:00,99.81
2018-11-24 01:00:00,99.71
2018-11-24 13:00:00,99.6
2018-11-25 01:00:00,99.45
2018-11-25 13:00:00,99.45
2018-11-26 01:00:00,99.68
2018-11-26 13:00:00,99.71
2018-11-27 01:00:00,99.66
2018-11-27 13:00:00,99.8
2018-11-28 01:00:00,99.92
2018-11-28 13:00:00,99.96
2018-11-29 01:00:00,99.88
2018-11-29 13:00:00,99.64
2018-11-30 01:00:00,99.46
2018-11-30 13:00:00,99.41
2018-12-01 01:00:00,99.27
2018-12-01 13:00:00,99.0
2018-12-02 01:00:00,99.13
2018-12-02 13:00:00,98.55
2018-12-03 01:00:00,98.17
2018-12-03 13:00:00,98.65
2018-12-04 01:00:00,99.26
2018-12-04 13:00:00,99.55
2018-12-05 01:00:00,99.63
2018-12-05 13:00:00,99.89
2018-12-06 01:00:00,99.79
2018-12-06 13:00:00,98.97
2018-12-07 01:00:00,98.55
2018-12-07 13:00:00,98.75
2018-12-08 01:00:00,99.37
2018-12-08 13:00:00,99.4
2018-12-09 01:00:00,99.51
2018-12-09 13:00:00,99.68
2018-12-10 01:00:00,99.88
2018-12-10 13:00:00,99.96
2018-12-11 01:00:00,99.96
2018-12-11 13:00:00,99.96
2018-12-12 01:00:00,99.91
2018-12-12 13:00:00,99.97
2018-12-13 01:00:00,100.0
2018-12-13 13:00:00,100.0
2018-12-14 01:00:00,100.0
2018-12-14 13:00:00,100.0
2018-12-15 01:00:00,100.0
2018-12-15 13:00:00,100.0
2018-12-16 01:00:00,100.0
2018-12-16 13:00:00,100.0
2018-12-17 01:00:00,100.0
2018-12-17 13:00:00,100.0
2018-12-18 01:00:00,100.0
2018-12-18 13:00:00,100.0
2018-12-19 01:00:00,100.0
2018-12-19 13:00:00,100.0
2018-12-20 01:00:00,100.0
2018-12-20 13:00:00,100.0
2018-12-21 01:00:00,100.0
2018-12-21 13:00:00,100.0
2018-12-22 01:00:00,100.0
2018-12-22 13:00:00,99.97
2018-12-23 01:00:00,100.0
2018-12-23 13:00:00,100.0
2018-12-24 01:00:00,100.0
2018-12-24 13:00:00,100.0
2018-12-25 01:00:00,100.0
2018-12-25 13:00:00,100.0
2018-12-26 01:00:00,100.0
2018-12-26 13:00:00,100.0
2018-12-27 01:00:00,100.0
2018-12-27 13:00:00,100.0
2018-12-28 01:00:00,100.0
2018-12-28 13:00:00,100.0
2018-12-29 01:00:00,100.0
2018-12-29 13:00:00,100.0
2018-12-30 01:00:00,100.0
2018-12-30 13:00:00,100.0
2018-12-31 01:00:00,100.0
2018-12-31 13:00:00,100.0
2019-01-01 01:00:00,100.0
2019-01-01 13:00:00,100.0
2019-01-02 01:00:00,100.0
2019-01-02 13:00:00,100.0
2019-01-03 01:00:00,99.97
2019-01-03 13:00:00,99.95
2019-01-04 01:00:00,100.0
2019-01-04 13:00:00,100.0
2019-01-05 01:00:00,100.0
2019-01-05 13:00:00,100.0
2019-01-06 01:00:00,100.0
2019-01-06 13:00:00,100.0
2019-01-07 01:00:00,100.0
2019-01-07 13:00:00,100.0
2019-01-08 01:00:00,100.0
2019-01-08 13:00:00,100.0
2019-01-09 01:00:00,100.0
2019-01-09 13:00:00,100.0
2019-01-10 01:00:00,100.0
2019-01-10 13:00:00,100.0
2019-01-11 01:00:00,100.0
2019-01-11 13:00:00,100.0
2019-01-12 01:00:00,100.0
2019-01-12 13:00:00,100.0
2019-01-13 01:00:00,100.0
2019-01-13 13:00:00,100.0
2019-01-14 01:00:00,100.0
2019-01-14 13:00:00,100.0
2019-01-15 01:00:00,100.0
2019-01-15 13:00:00,100.0
2019-01-16 01:00:00,100.0
2019-01-16 13:00:00,100.0
2019-01-17 01:00:00,100.0
2019-01-17 13:00:00,100.0
2019-01-18 01:00:00,100.0
2019-01-18 13:00:00,100.0
2019-01-19 01:00:00,100.0
2019-01-19 13:00:00,100.0
2019-01-20 01:00:00,100.0
2019-01-20 13:00:00,100.0
2019-01-21 01:00:00,100.0
2019-01-21 13:00:00,100.0
2019-01-22 01:00:00,100.0
2019-01-22 13:00:00,100.0
2019-01-23 01:00:00,100.0
2019-01-23 13:00:00,100.0
2019-01-24 01:00:00,99.74
2019-01-24 13:00:00,99.9
2019-01-25 01:00:00,100.0
2019-01-25 13:00:00,100.0
2019-01-26 01:00:00,99.97
2019-01-26 13:00:00,100.0
2019-01-27 01:00:00,100.0
2019-01-27 13:00:00,100.0
2019-01-28 01:00:00,100.0
2019-01-28 13:00:00,100.0
2019-01-29 01:00:00,100.0
2019-01-29 13:00:00,100.0
2019-01-30 01:00:00,100.0
2019-01-30 13:00:00,100.0
2019-01-31 01:00:00,100.0
2019-01-31 13:00:00,100.0
2019-02-01 01:00:00,100.0
2019-02-01 13:00:00,100.0
2019-02-02 01:00:00,100.0
2019-02-02 13:00:00,100.0
2019-02-03 01:00:00,100.0
2019-02-03 13:00:00,100.0
2019-02-04 01:00:00,100.0
2019-02-04 13:00:00,100.0
2019-02-05 01:00:00,100.0
2019-02-05 13:00:00,100.0
2019-02-06 01:00:00,100.0
2019-02-06 13:00:00,100.0
2019-02-07 01:00:00,100.0
2019-02-07 13:00:00,100.0
2019-02-08 01:00:00,100.0
2019-02-08 13:00:00,100.0
2019-02-09 01:00:00,100.0
2019-02-09 13:00:00,100.0
2019-02-10 01:00:00,100.0
2019-02-10 13:00:00,100.0
2019-02-11 01:00:00,100.0
2019-02-11 13:00:00,100.0
2019-02-12 01:00:00,100.0
2019-02-12 13:00:00,100.0
2019-02-13 01:00:00,100.0
2019-02-13 13:00:00,100.0
2019-02-14 01:00:00,100.0
2019-02-14 13:00:00,100.0
2019-02-15 01:00:00,99.97
2019-02-15 13:00:00,99.83
2019-02-16 01:00:00,99.91
2019-02-16 13:00:00,99.98
2019-02-17 01:00:00,100.0
2019-02-17 13:00:00,100.0
2019-02-18 01:00:00,99.92
2019-02-18 13:00:00,99.77
2019-02-19 01:00:00,100.0
2019-02-19 13:00:00,100.0
2019-02-20 01:00:00,100.0
2019-02-20 13:00:00,100.0
2019-02-21 01:00:00,100.0
2019-02-21 13:00:00,100.0
2019-02-22 01:00:00,100.0
2019-02-22 13:00:00,100.0
2019-02-23 01:00:00,100.0
2019-02-23 13:00:00,99.94
2019-02-24 01:00:00,99.84
2019-02-24 13:00:00,99.42
2019-02-25 01:00:00,99.83
2019-02-25 13:00:00,99.49
2019-02-26 01:00:00,99.85
2019-02-26 13:00:00,99.56
2019-02-27 01:00:00,99.72
2019-02-27 13:00:00,99.46
2019-02-28 01:00:00,100.0
2019-02-28 13:00:00,100.0
2019-03-01 01:00:00,100.0
2019-03-01 13:00:00,100.0
2019-03-02 01:00:00,100.0
2019-03-02 13:00:00,100.0
2019-03-03 01:00:00,99.96
2019-03-03 13:00:00,99.88
2019-03-04 01:00:00,99.59
2019-03-04 13:00:00,99.76
2019-03-05 01:00:00,99.85
2019-03-05 13:00:00,99.79
2019-03-06 01:00:00,99.81
2019-03-06 13:00:00,99.07
2019-03-07 01:00:00,99.35
2019-03-07 13:00:00,99.41
2019-03-08 01:00:00,99.48
2019-03-08 13:00:00,99.38
2019-03-09 01:00:00,
2019-03-09 13:00:00,
2019-03-10 01:00:00,99.33
2019-03-10 13:00:00,99.23
2019-03-11 01:00:00,99.67
2019-03-11 13:00:00,99.71
2019-03-12 01:00:00,99.7
2019-03-12 13:00:00,99.53
2019-03-13 01:00:00,99.77
2019-03-13 13:00:00,99.51
2019-03-14 01:00:00,99.34
2019-03-14 13:00:00,99.2
2019-03-15 01:00:00,98.84
2019-03-15 13:00:00,98.68
2019-03-16 01:00:00,98.7
2019-03-16 13:00:00,98.56
2019-03-17 01:00:00,97.98
2019-03-17 13:00:00,98.39
2019-03-18 01:00:00,98.72
2019-03-18 13:00:00,98.64
2019-03-19 01:00:00,98.91
2019-03-19 13:00:00,98.86
2019-03-20 01:00:00,99.08
2019-03-20 13:00:00,98.51
2019-03-21 01:00:00,99.05
2019-03-21 13:00:00,99.45
2019-03-22 01:00:00,99.99
2019-03-22 13:00:00,99.78
2019-03-23 01:00:00,100.0
2019-03-23 13:00:00,100.0
2019-03-24 01:00:00,100.0
2019-03-24 13:00:00,100.0
2019-03-25 01:00:00,100.0
2019-03-25 13:00:00,100.0
2019-03-26 01:00:00,100.0
2019-03-26 13:00:00,100.0
2019-03-27 01:00:00,100.0
2019-03-27 13:00:00,100.0
2019-03-28 01:00:00,100.0
2019-03-28 13:00:00,99.97
2019-03-29 01:00:00,92.15
2019-03-29 13:00:00,28.85
2019-03-30 01:00:00,86.24
2019-03-30 13:00:00,90.38
2019-03-31 01:00:00,59.35
2019-03-31 14:00:00,100.0
2019-04-01 02:00:00,99.66
2019-04-01 14:00:00,99.62
2019-04-02 02:00:00,99.34
2019-04-02 14:00:00,78.3
2019-04-03 02:00:00,95.05
2019-04-03 14:00:00,92.01
2019-04-04 02:00:00,83.01
2019-04-04 14:00:00,80.86
2019-04-05 02:00:00,91.63
2019-04-05 14:00:00,99.8
2019-04-06 02:00:00,99.75
2019-04-06 14:00:00,99.75
2019-04-07 02:00:00,99.44
2019-04-07 14:00:00,97.12
2019-04-08 02:00:00,96.8
2019-04-08 14:00:00,94.82
2019-04-09 02:00:00,95.26
2019-04-09 14:00:00,97.35
2019-04-10 02:00:00,97.05
2019-04-10 14:00:00,97.52
2019-04-11 02:00:00,97.91
2019-04-11 14:00:00,97.32
2019-04-12 02:00:00,96.6
2019-04-12 14:00:00,98.4
2019-04-13 02:00:00,96.67
2019-04-13 14:00:00,96.27
2019-04-14 02:00:00,96.83
2019-04-14 14:00:00,97.37
2019-04-15 02:00:00,96.67
2019-04-15 14:00:00,98.66
2019-04-16 02:00:00,98.6
2019-04-16 14:00:00,99.45
2019-04-17 02:00:00,98.92
2019-04-17 14:00:00,99.99
2019-04-18 02:00:00,99.51
2019-04-18 14:00:00,99.04
2019-04-19 02:00:00,99.45
2019-04-19 14:00:00,96.71
2019-04-20 02:00:00,95.65
2019-04-20 14:00:00,93.75
2019-04-21 02:00:00,94.99
2019-04-21 14:00:00,91.91
2019-04-22 02:00:00,92.48
2019-04-22 14:00:00,88.7
2019-04-23 02:00:00,91.09
2019-04-23 14:00:00,90.22
2019-04-24 02:00:00,90.45
2019-04-24 14:00:00,90.14
2019-04-25 02:00:00,89.86
2019-04-25 14:00:00,89.56
2019-04-26 02:00:00,89.38
2019-04-26 14:00:00,89.57
2019-04-27 02:00:00,89.19
2019-04-27 14:00:00,88.18
2019-04-28 02:00:00,88.23
2019-04-28 14:00:00,88.59
2019-04-29 02:00:00,88.14
2019-04-29 14:00:00,87.97
2019-04-30 02:00:00,88.72
2019-04-30 14:00:00,85.06
2019-05-01 02:00:00,86.45
2019-05-01 14:00:00,87.13
2019-05-02 02:00:00,87.33
2019-05-02 14:00:00,88.18
2019-05-03 02:00:00,88.09
2019-05-03 14:00:00,88.29
2019-05-04 02:00:00,90.02
2019-05-04 14:00:00,89.06
2019-05-05 02:00:00,89.87
2019-05-05 14:00:00,87.39
2019-05-06 02:00:00,89.2
2019-05-06 14:00:00,89.12
2019-05-07 02:00:00,89.47
2019-05-07 14:00:00,88.39
2019-05-08 02:00:00,93.46
2019-05-08 14:00:00,85.88
2019-05-09 02:00:00,87.58
2019-05-09 14:00:00,87.91
2019-05-10 02:00:00,91.18
2019-05-10 14:00:00,91.21
2019-05-11 02:00:00,90.34
2019-05-11 14:00:00,89.84
2019-05-12 02:00:00,89.5
2019-05-12 14:00:00,87.2
2019-05-13 02:00:00,86.2
2019-05-13 14:00:00,89.28
2019-05-14 02:00:00,91.08
2019-05-14 14:00:00,90.85
2019-05-15 02:00:00,92.71
2019-05-15 14:00:00,92.52
2019-05-16 02:00:00,92.92
2019-05-16 14:00:00,94.02
2019-05-17 02:00:00,92.97
2019-05-17 14:00:00,91.89
2019-05-18 02:00:00,92.37
2019-05-18 14:00:00,91.32
2019-05-19 02:00:00,91.08
2019-05-19 14:00:00,90.62
2019-05-20 02:00:00,90.3
2019-05-20 14:00:00,88.29
2019-05-21 02:00:00,88.64
2019-05-21 14:00:00,88.64
2019-05-22 02:00:00,88.72
2019-05-22 14:00:00,89.2
2019-05-23 02:00:00,90.13
2019-05-23 14:00:00,88.11
2019-05-24 02:00:00,88.24
2019-05-24 14:00:00,87.67
2019-05-25 02:00:00,87.44
2019-05-25 14:00:00,87.71
2019-05-26 02:00:00,90.31
2019-05-26 14:00:00,90.75
2019-05-27 02:00:00,92.31
2019-05-27 14:00:00,91.54
2019-05-28 02:00:00,92.86
2019-05-28 14:00:00,92.29
2019-05-29 02:00:00,94.19
2019-05-29 14:00:00,92.87
2019-05-30 02:00:00,94.77
2019-05-30 14:00:00,94.9
2019-05-31 02:00:00,95.84
2019-05-31 14:00:00,92.79
