timestamp,weight
2017-01-01 13:00:00,50736.79
2017-01-02 01:00:00,50700.68
2017-01-02 13:00:00,50614.91
2017-01-03 01:00:00,50739.82
2017-01-03 13:00:00,50799.75
2017-01-04 01:00:00,50650.27
2017-01-04 13:00:00,50414.94
2017-01-05 01:00:00,50167.52
2017-01-05 13:00:00,50052.09
2017-01-06 01:00:00,49881.48
2017-01-06 13:00:00,50463.97
2017-01-07 01:00:00,50547.33
2017-01-07 13:00:00,50558.83
2017-01-08 01:00:00,50554.82
2017-01-08 13:00:00,50517.44
2017-01-09 01:00:00,50474.25
2017-01-09 13:00:00,50405.42
2017-01-10 01:00:00,50414.8
2017-01-10 13:00:00,50479.7
2017-01-11 01:00:00,50437.85
2017-01-11 13:00:00,50439.01
2017-01-12 01:00:00,50381.42
2017-01-12 13:00:00,50389.89
2017-01-13 01:00:00,50322.48
2017-01-13 13:00:00,50284.23
2017-01-14 01:00:00,50377.39
2017-01-14 13:00:00,50275.07
2017-01-15 01:00:00,50311.89
2017-01-15 13:00:00,50095.66
2017-01-16 01:00:00,49874.36
2017-01-16 13:00:00,50105.88
2017-01-17 01:00:00,50251.04
2017-01-17 13:00:00,50210.18
2017-01-18 01:00:00,50157.62
2017-01-18 13:00:00,50207.54
2017-01-19 01:00:00,50161.68
2017-01-19 13:00:00,50208.23
2017-01-20 01:00:00,50172.53
2017-01-20 13:00:00,50195.74
2017-01-21 01:00:00,50148.95
2017-01-21 13:00:00,50175.73
2017-01-22 01:00:00,49981.43
2017-01-22 13:00:00,50050.12
2017-01-23 01:00:00,49934.76
2017-01-23 13:00:00,50066.57
2017-01-24 01:00:00,50027.58
2017-01-24 13:00:00,50030.35
2017-01-25 01:00:00,49870.26
2017-01-25 13:00:00,49799.02
2017-01-26 01:00:00,49954.36
2017-01-26 13:00:00,49858.12
2017-01-27 01:00:00,49694.64
2017-01-27 13:00:00,49870.05
2017-01-28 01:00:00,49566.07
2017-01-28 13:00:00,49720.29
2017-01-29 01:00:00,49854.71
2017-01-29 13:00:00,49939.58
2017-01-30 01:00:00,49833.49
2017-01-30 13:00:00,49699.38
2017-01-31 01:00:00,49762.29
2017-01-31 13:00:00,49865.19
2017-02-01 01:00:00,49731.54
2017-02-01 13:00:00,49736.15
2017-02-02 01:00:00,49654.51
2017-02-02 13:00:00,49797.89
2017-02-03 01:00:00,49715.21
2017-02-03 13:00:00,49804.27
2017-02-04 01:00:00,49788.81
2017-02-04 13:00:00,49792.34
2017-02-05 01:00:00,49573.02
2017-02-05 13:00:00,49746.8
2017-02-06 01:00:00,49584.72
2017-02-06 13:00:00,49656.54
2017-02-07 01:00:00,49527.3
2017-02-07 13:00:00,49378.84
2017-02-08 01:00:00,49327.67
2017-02-08 13:00:00,49233.07
2017-02-09 01:00:00,49183.17
2017-02-09 13:00:00,49229.0
2017-02-10 01:00:00,49246.95
2017-02-10 13:00:00,49439.53
2017-02-11 01:00:00,49379.0
2017-02-11 13:00:00,49461.01
2017-02-12 01:00:00,49447.56
2017-02-12 13:00:00,49332.13
2017-02-13 01:00:00,49083.82
2017-02-13 13:00:00,49208.89
2017-02-14 01:00:00,48981.7
2017-02-14 13:00:00,49244.83
2017-02-15 01:00:00,48988.62
2017-02-15 13:00:00,49211.76
2017-02-16 01:00:00,49144.68
2017-02-16 13:00:00,49297.35
2017-02-17 01:00:00,49227.67
2017-02-17 13:00:00,49292.39
2017-02-18 01:00:00,49160.54
2017-02-18 13:00:00,49227.39
2017-02-19 01:00:00,49226.19
2017-02-19 13:00:00,49249.21
2017-02-20 01:00:00,49223.92
2017-02-20 13:00:00,49270.6
2017-02-21 01:00:00,49139.55
2017-02-21 13:00:00,49120.89
2017-02-22 01:00:00,49126.58
2017-02-22 13:00:00,49032.95
2017-02-23 01:00:00,48991.76
2017-02-23 13:00:00,48995.25
2017-02-24 01:00:00,48907.69
2017-02-24 13:00:00,48940.81
2017-02-25 01:00:00,48842.67
2017-02-25 13:00:00,48982.02
2017-02-26 01:00:00,49003.53
2017-02-26 13:00:00,49041.33
2017-02-27 01:00:00,49023.03
2017-02-27 13:00:00,48964.99
2017-02-28 01:00:00,48823.61
2017-02-28 13:00:00,48805.94
2017-03-01 01:00:00,48757.19
2017-03-01 13:00:00,48759.71
2017-03-02 01:00:00,48722.57
2017-03-02 13:00:00,48755.28
2017-03-03 01:00:00,48677.76
2017-03-03 13:00:00,48591.37
2017-03-04 01:00:00,48301.65
2017-03-04 13:00:00,48016.98
2017-03-05 01:00:00,47923.57
2017-03-05 13:00:00,47883.4
2017-03-06 01:00:00,47812.86
2017-03-06 13:00:00,47667.23
2017-03-07 01:00:00,47557.83
2017-03-07 13:00:00,47802.5
2017-03-08 01:00:00,47743.56
2017-03-08 13:00:00,47730.39
2017-03-09 01:00:00,47740.15
2017-03-09 13:00:00,47713.57
2017-03-10 01:00:00,47640.52
2017-03-10 13:00:00,47610.37
2017-03-11 01:00:00,47624.02
2017-03-11 13:00:00,47407.69
2017-03-12 01:00:00,47340.69
2017-03-12 13:00:00,47471.58
2017-03-13 01:00:00,47236.85
2017-03-13 13:00:00,47406.4
2017-03-14 01:00:00,47515.72
2017-03-14 13:00:00,47373.12
2017-03-15 01:00:00,47301.28
2017-03-15 13:00:00,47249.41
2017-03-16 01:00:00,47202.05
2017-03-16 13:00:00,47170.23
2017-03-17 01:00:00,47106.87
2017-03-17 13:00:00,47025.7
2017-03-18 01:00:00,47004.33
2017-03-18 13:00:00,46958.84
2017-03-19 01:00:00,46810.01
2017-03-19 13:00:00,47045.88
2017-03-20 01:00:00,47027.86
2017-03-20 13:00:00,47002.49
2017-03-21 01:00:00,46913.86
2017-03-21 13:00:00,46888.13
2017-03-22 01:00:00,46717.29
2017-03-22 13:00:00,46615.79
2017-03-23 01:00:00,46614.73
2017-03-23 13:00:00,46655.76
2017-03-24 01:00:00,46414.54
2017-03-24 13:00:00,46679.77
2017-03-25 01:00:00,46691.79
2017-03-25 13:00:00,46835.05
2017-03-26 01:00:00,46809.48
2017-03-26 14:00:00,47168.74
2017-03-27 02:00:00,47168.42
2017-03-27 14:00:00,48154.21
2017-03-28 02:00:00,48166.12
2017-03-28 14:00:00,49073.57
2017-03-29 02:00:00,49099.45
2017-03-29 14:00:00,49133.21
2017-03-30 02:00:00,49046.04
2017-03-30 14:00:00,49576.49
2017-03-31 02:00:00,49442.73
2017-03-31 14:00:00,49809.27
2017-04-01 02:00:00,49621.0
2017-04-01 14:00:00,49983.32
2017-04-02 02:00:00,49840.23
2017-04-02 14:00:00,49940.22
2017-04-03 02:00:00,49822.79
2017-04-03 14:00:00,49880.56
2017-04-04 02:00:00,49642.17
2017-04-04 14:00:00,48985.62
2017-04-05 02:00:00,48571.44
2017-04-05 14:00:00,49248.38
2017-04-06 02:00:00,48539.71
2017-04-06 14:00:00,49303.17
2017-04-07 02:00:00,49156.06
2017-04-07 14:00:00,49364.64
2017-04-08 02:00:00,49131.05
2017-04-08 14:00:00,49482.67
2017-04-09 02:00:00,48584.97
2017-04-09 14:00:00,49294.04
2017-04-10 02:00:00,48889.38
2017-04-10 14:00:00,49006.0
2017-04-11 02:00:00,48444.68
2017-04-11 14:00:00,49226.53
2017-04-12 02:00:00,48816.45
2017-04-12 14:00:00,49145.72
2017-04-13 02:00:00,48676.89
2017-04-13 14:00:00,48819.33
2017-04-14 02:00:00,48386.97
2017-04-14 14:00:00,49004.05
2017-04-15 02:00:00,48550.46
2017-04-15 14:00:00,48446.69
2017-04-16 02:00:00,48188.69
2017-04-16 14:00:00,48526.57
2017-04-17 02:00:00,47819.36
2017-04-17 14:00:00,48289.11
2017-04-18 02:00:00,47888.11
2017-04-18 14:00:00,48070.26
2017-04-19 02:00:00,47478.28
2017-04-19 14:00:00,47860.13
2017-04-20 02:00:00,47257.49
2017-04-20 14:00:00,52834.06
2017-04-21 02:00:00,53430.74
2017-04-21 14:00:00,53500.92
2017-04-22 02:00:00,52704.81
2017-04-22 14:00:00,53205.66
2017-04-23 02:00:00,52610.57
2017-04-23 14:00:00,52967.34
2017-04-24 02:00:00,52613.05
2017-04-24 14:00:00,52999.73
2017-04-25 02:00:00,51844.67
2017-04-25 14:00:00,52528.52
2017-04-26 02:00:00,51750.79
2017-04-26 14:00:00,52312.03
2017-04-27 02:00:00,51681.86
2017-04-27 14:00:00,52450.02
2017-04-28 02:00:00,52288.78
2017-04-28 14:00:00,52202.21
2017-04-29 02:00:00,51634.54
2017-04-29 14:00:00,51997.97
2017-04-30 02:00:00,51457.32
2017-04-30 14:00:00,51648.88
2017-05-01 02:00:00,51500.71
2017-05-01 14:00:00,51888.0
2017-05-02 02:00:00,51805.2
2017-05-02 14:00:00,51912.18
2017-05-03 02:00:00,51861.28
2017-05-03 14:00:00,52018.91
2017-05-04 02:00:00,51857.86
2017-05-04 14:00:00,51824.06
2017-05-05 02:00:00,51485.71
2017-05-05 14:00:00,52090.03
2017-05-06 02:00:00,51931.04
2017-05-06 14:00:00,51610.89
2017-05-07 02:00:00,51302.74
2017-05-07 14:00:00,52192.69
2017-05-08 02:00:00,51787.84
2017-05-08 14:00:00,52194.65
2017-05-09 02:00:00,51674.68
2017-05-09 14:00:00,52407.12
2017-05-10 02:00:00,51910.28
2017-05-10 14:00:00,52420.07
2017-05-11 02:00:00,51781.9
2017-05-11 14:00:00,52357.01
2017-05-12 02:00:00,52351.01
2017-05-12 14:00:00,53246.15
2017-05-13 02:00:00,53058.03
2017-05-13 14:00:00,54895.59
2017-05-14 02:00:00,54657.85
2017-05-14 14:00:00,56948.59
2017-05-15 02:00:00,57052.8
2017-05-15 14:00:00,59454.59
2017-05-16 02:00:00,59391.91
2017-05-16 14:00:00,60364.93
2017-05-17 02:00:00,59926.85
2017-05-17 14:00:00,62869.56
2017-05-18 02:00:00,64279.85
2017-05-18 14:00:00,67944.81
2017-05-19 02:00:00,67601.93
2017-05-19 14:00:00,68733.07
2017-05-20 02:00:00,67632.85
2017-05-20 14:00:00,69057.16
2017-05-21 02:00:00,68427.16
2017-05-21 14:00:00,71034.13
2017-05-22 02:00:00,70375.57
2017-05-22 14:00:00,73192.59
2017-05-23 02:00:00,72766.26
2017-05-23 14:00:00,74801.43
2017-05-24 02:00:00,73887.2
2017-05-24 14:00:00,74949.94
2017-05-25 02:00:00,73494.26
2017-05-25 14:00:00,76098.24
2017-05-26 02:00:00,75082.93
2017-05-26 14:00:00,78262.82
2017-05-27 02:00:00,78175.95
2017-05-27 14:00:00,81426.27
2017-05-28 02:00:00,80803.43
2017-05-28 14:00:00,82591.29
2017-05-29 02:00:00,80927.7
2017-05-29 14:00:00,82145.98
2017-05-30 02:00:00,81069.03
2017-05-30 14:00:00,81895.87
2017-05-31 02:00:00,80750.26
2017-05-31 14:00:00,81155.74
2017-06-01 02:00:00,80688.19
2017-06-01 14:00:00,81754.6
2017-06-02 02:00:00,80536.86
2017-06-02 14:00:00,81864.31
2017-06-03 02:00:00,80981.66
2017-06-03 14:00:00,82110.13
2017-06-04 02:00:00,80887.5
2017-06-04 14:00:00,81346.04
2017-06-05 02:00:00,80922.32
2017-06-05 14:00:00,82061.67
2017-06-06 02:00:00,81310.2
2017-06-06 14:00:00,74668.1
2017-06-07 02:00:00,72127.41
2017-06-07 14:00:00,72233.8
2017-06-08 02:00:00,72008.11
2017-06-08 14:00:00,72026.74
2017-06-09 02:00:00,71559.38
2017-06-09 14:00:00,71240.85
2017-06-10 02:00:00,71027.79
2017-06-10 14:00:00,71091.82
2017-06-11 02:00:00,70999.84
2017-06-11 14:00:00,71098.82
2017-06-12 02:00:00,71065.62
2017-06-12 14:00:00,70999.19
2017-06-13 02:00:00,70709.09
2017-06-13 14:00:00,70647.38
2017-06-14 02:00:00,70354.75
2017-06-14 14:00:00,70302.85
2017-06-15 02:00:00,70331.94
2017-06-15 14:00:00,70832.8
2017-06-16 02:00:00,70972.59
2017-06-16 14:00:00,71066.69
2017-06-17 02:00:00,70687.62
2017-06-17 14:00:00,71081.7
2017-06-18 02:00:00,71526.31
2017-06-18 14:00:00,72937.45
2017-06-19 02:00:00,73412.24
2017-06-19 14:00:00,75242.3
2017-06-20 02:00:00,75940.89
2017-06-20 14:00:00,76989.32
2017-06-21 02:00:00,76824.85
2017-06-21 14:00:00,77817.3
2017-06-22 02:00:00,78644.54
2017-06-22 14:00:00,80511.78
2017-06-23 02:00:00,80636.38
2017-06-23 14:00:00,81807.35
2017-06-24 02:00:00,82019.3
2017-06-24 14:00:00,83054.91
2017-06-25 02:00:00,82951.23
2017-06-25 14:00:00,84051.91
2017-06-26 02:00:00,84186.76
2017-06-26 14:00:00,85184.92
2017-06-27 02:00:00,85251.36
2017-06-27 14:00:00,86285.52
2017-06-28 02:00:00,86968.3
2017-06-28 14:00:00,89383.63
2017-06-29 02:00:00,90004.18
2017-06-29 14:00:00,92042.23
2017-06-30 02:00:00,91447.43
2017-06-30 14:00:00,91007.1
2017-07-01 02:00:00,90539.9
2017-07-01 14:00:00,90847.16
2017-07-02 02:00:00,90745.0
2017-07-02 14:00:00,90458.96
2017-07-03 02:00:00,90012.79
2017-07-03 14:00:00,90097.67
2017-07-04 02:00:00,90079.98
2017-07-04 14:00:00,90016.56
2017-07-05 02:00:00,89862.42
2017-07-05 14:00:00,89375.33
2017-07-06 02:00:00,89307.78
2017-07-06 14:00:00,89118.15
2017-07-07 02:00:00,89438.94
2017-07-07 14:00:00,89522.27
2017-07-08 02:00:00,89228.88
2017-07-08 14:00:00,89131.82
2017-07-09 02:00:00,88793.06
2017-07-09 14:00:00,
2017-07-10 02:00:00,
2017-07-10 14:00:00,
2017-07-11 02:00:00,
2017-07-11 14:00:00,
2017-07-12 02:00:00,
2017-07-12 14:00:00,
2017-07-13 02:00:00,
2017-07-13 14:00:00,
2017-07-14 02:00:00,
2017-07-14 14:00:00,86418.85
2017-07-15 02:00:00,86402.03
2017-07-15 14:00:00,86915.04
2017-07-16 02:00:00,86764.51
2017-07-16 14:00:00,87223.11
2017-07-17 02:00:00,86773.09
2017-07-17 14:00:00,86547.15
2017-07-18 02:00:00,86333.5
2017-07-18 14:00:00,86236.75
2017-07-19 02:00:00,86049.43
2017-07-19 14:00:00,86116.83
2017-07-20 02:00:00,86188.99
2017-07-20 14:00:00,86202.26
2017-07-21 02:00:00,85966.57
2017-07-21 14:00:00,85670.53
2017-07-22 02:00:00,85600.31
2017-07-22 14:00:00,86094.5
2017-07-23 02:00:00,85962.33
2017-07-23 14:00:00,85849.8
2017-07-24 02:00:00,85559.6
2017-07-24 14:00:00,85483.0
2017-07-25 02:00:00,85375.16
2017-07-25 14:00:00,85256.82
2017-07-26 02:00:00,85267.04
2017-07-26 14:00:00,56604.73
2017-07-27 02:00:00,53326.77
2017-07-27 14:00:00,53181.14
2017-07-28 02:00:00,52998.38
2017-07-28 14:00:00,52932.7
2017-07-29 02:00:00,52830.03
2017-07-29 14:00:00,52826.26
2017-07-30 02:00:00,52606.45
2017-07-30 14:00:00,52155.57
2017-07-31 02:00:00,52036.41
2017-07-31 14:00:00,51882.07
2017-08-01 02:00:00,51801.21
2017-08-01 14:00:00,51938.99
2017-08-02 02:00:00,51792.64
2017-08-02 14:00:00,51633.28
2017-08-03 02:00:00,51544.28
2017-08-03 14:00:00,51544.88
2017-08-04 02:00:00,51412.88
2017-08-04 14:00:00,51354.44
2017-08-05 02:00:00,51243.6
2017-08-05 14:00:00,51002.74
2017-08-06 02:00:00,50920.3
2017-08-06 14:00:00,57398.77
2017-08-07 02:00:00,58576.98
2017-08-07 14:00:00,57800.72
2017-08-08 02:00:00,56956.07
2017-08-08 14:00:00,56269.9
2017-08-09 02:00:00,55890.76
2017-08-09 14:00:00,55541.4
2017-08-10 02:00:00,55481.82
2017-08-10 14:00:00,55969.5
2017-08-11 02:00:00,55878.47
2017-08-11 14:00:00,55942.04
2017-08-12 02:00:00,55766.66
2017-08-12 14:00:00,55735.65
2017-08-13 02:00:00,55510.4
2017-08-13 14:00:00,55198.38
2017-08-14 02:00:00,54961.37
2017-08-14 14:00:00,54876.76
2017-08-15 02:00:00,54828.08
2017-08-15 14:00:00,54755.41
2017-08-16 02:00:00,54698.38
2017-08-16 14:00:00,54570.16
2017-08-17 02:00:00,54507.75
2017-08-17 14:00:00,54675.81
2017-08-18 02:00:00,54746.32
2017-08-18 14:00:00,54994.83
2017-08-19 02:00:00,54747.42
2017-08-19 14:00:00,54644.18
2017-08-20 02:00:00,54474.82
2017-08-20 14:00:00,54674.83
2017-08-21 02:00:00,54624.7
2017-08-21 14:00:00,54617.53
2017-08-22 02:00:00,54421.7
2017-08-22 14:00:00,53546.54
2017-08-23 02:00:00,53246.16
2017-08-23 14:00:00,52848.18
2017-08-24 02:00:00,53027.95
2017-08-24 14:00:00,52998.66
2017-08-25 02:00:00,52967.84
2017-08-25 14:00:00,52908.72
2017-08-26 02:00:00,52761.8
2017-08-26 14:00:00,52962.51
2017-08-27 02:00:00,52926.13
2017-08-27 14:00:00,53046.06
2017-08-28 02:00:00,52993.4
2017-08-28 14:00:00,53218.67
2017-08-29 02:00:00,53060.91
2017-08-29 14:00:00,53137.81
2017-08-30 02:00:00,53086.54
2017-08-30 14:00:00,53292.31
2017-08-31 02:00:00,53238.95
2017-08-31 14:00:00,53092.39
2017-09-01 02:00:00,53123.83
2017-09-01 14:00:00,53127.86
2017-09-02 02:00:00,53070.88
2017-09-02 14:00:00,53081.49
2017-09-03 02:00:00,52952.65
2017-09-03 14:00:00,52904.87
2017-09-04 02:00:00,52807.63
2017-09-04 14:00:00,52971.6
2017-09-05 02:00:00,52910.22
2017-09-05 14:00:00,53113.51
2017-09-06 02:00:00,52996.53
2017-09-06 14:00:00,58110.09
2017-09-07 02:00:00,59349.07
2017-09-07 14:00:00,59488.56
2017-09-08 02:00:00,59222.68
2017-09-08 14:00:00,59309.79
2017-09-09 02:00:00,59180.49
2017-09-09 14:00:00,59134.65
2017-09-10 02:00:00,58778.14
2017-09-10 14:00:00,58633.88
2017-09-11 02:00:00,58500.71
2017-09-11 14:00:00,58438.77
2017-09-12 02:00:00,58290.23
2017-09-12 14:00:00,58198.92
2017-09-13 02:00:00,58012.77
2017-09-13 14:00:00,58102.73
2017-09-14 02:00:00,57954.43
2017-09-14 14:00:00,57715.33
2017-09-15 02:00:00,57615.57
2017-09-15 14:00:00,57548.76
2017-09-16 02:00:00,57247.46
2017-09-16 14:00:00,57321.97
2017-09-17 02:00:00,57176.03
2017-09-17 14:00:00,57234.26
2017-09-18 02:00:00,57089.35
2017-09-18 14:00:00,58014.28
2017-09-19 02:00:00,58063.09
2017-09-19 14:00:00,58176.58
2017-09-20 02:00:00,57952.61
2017-09-20 14:00:00,57934.08
2017-09-21 02:00:00,57690.65
2017-09-21 14:00:00,57669.6
2017-09-22 02:00:00,57362.4
2017-09-22 14:00:00,57387.86
2017-09-23 02:00:00,57153.03
2017-09-23 14:00:00,57164.78
2017-09-24 02:00:00,56950.05
2017-09-24 14:00:00,56929.24
2017-09-25 02:00:00,56706.26
2017-09-25 14:00:00,56632.01
2017-09-26 02:00:00,56429.65
2017-09-26 14:00:00,56462.6
2017-09-27 02:00:00,56216.28
2017-09-27 14:00:00,56240.22
2017-09-28 02:00:00,55980.86
2017-09-28 14:00:00,59296.87
2017-09-29 02:00:00,60608.1
2017-09-29 14:00:00,60587.76
2017-09-30 02:00:00,60353.54
2017-09-30 14:00:00,60442.19
2017-10-01 02:00:00,60250.41
2017-10-01 14:00:00,60280.41
2017-10-02 02:00:00,60165.82
2017-10-02 14:00:00,60249.74
2017-10-03 02:00:00,60085.19
2017-10-03 14:00:00,60116.95
2017-10-04 02:00:00,60012.72
2017-10-04 14:00:00,60027.13
2017-10-05 02:00:00,59991.12
2017-10-05 14:00:00,59963.03
2017-10-06 02:00:00,59995.21
2017-10-06 14:00:00,59855.35
2017-10-07 02:00:00,59762.89
2017-10-07 14:00:00,59885.45
2017-10-08 02:00:00,59727.12
2017-10-08 14:00:00,59620.48
2017-10-09 02:00:00,59412.34
2017-10-09 14:00:00,59685.52
2017-10-10 02:00:00,59613.14
2017-10-10 14:00:00,59756.63
2017-10-11 02:00:00,59695.16
2017-10-11 14:00:00,59684.07
2017-10-12 02:00:00,59469.63
2017-10-12 14:00:00,59525.65
2017-10-13 02:00:00,59476.47
2017-10-13 14:00:00,59526.83
2017-10-14 02:00:00,59531.92
2017-10-14 14:00:00,59513.81
2017-10-15 02:00:00,59333.71
2017-10-15 14:00:00,59342.6
2017-10-16 02:00:00,59117.36
2017-10-16 14:00:00,59276.07
2017-10-17 02:00:00,59059.7
2017-10-17 14:00:00,58787.81
2017-10-18 02:00:00,58582.2
2017-10-18 14:00:00,58618.34
2017-10-19 02:00:00,58553.58
2017-10-19 14:00:00,58573.79
2017-10-20 02:00:00,58383.7
2017-10-20 14:00:00,58554.5
2017-10-21 02:00:00,58382.86
2017-10-21 14:00:00,58541.81
2017-10-22 02:00:00,58413.93
2017-10-22 14:00:00,58463.3
2017-10-23 02:00:00,58326.2
2017-10-23 14:00:00,58446.46
2017-10-24 02:00:00,58331.29
2017-10-24 14:00:00,58442.78
2017-10-25 02:00:00,58418.89
2017-10-25 14:00:00,58192.89
2017-10-26 02:00:00,58092.63
2017-10-26 14:00:00,58196.42
2017-10-27 02:00:00,58041.35
2017-10-27 14:00:00,58029.27
2017-10-28 02:00:00,58014.41
2017-10-28 14:00:00,58115.67
2017-10-29 02:00:00,57872.35
2017-10-29 13:00:00,57885.76
2017-10-30 01:00:00,57634.37
2017-10-30 13:00:00,57846.44
2017-10-31 01:00:00,57878.04
2017-10-31 13:00:00,57971.71
2017-11-01 01:00:00,57980.21
2017-11-01 13:00:00,57933.12
2017-11-02 01:00:00,57743.59
2017-11-02 13:00:00,57829.98
2017-11-03 01:00:00,57724.76
2017-11-03 13:00:00,57853.31
2017-11-04 01:00:00,57755.7
2017-11-04 13:00:00,57765.74
2017-11-05 01:00:00,57785.57
2017-11-05 13:00:00,57586.77
2017-11-06 01:00:00,57370.74
2017-11-06 13:00:00,52705.09
2017-11-07 01:00:00,51313.81
2017-11-07 13:00:00,51603.81
2017-11-08 01:00:00,51700.59
2017-11-08 13:00:00,51702.55
2017-11-09 01:00:00,51530.85
2017-11-09 13:00:00,51607.3
2017-11-10 01:00:00,51660.32
2017-11-10 13:00:00,51492.53
2017-11-11 01:00:00,51455.38
2017-11-11 13:00:00,51556.13
2017-11-12 01:00:00,51387.65
2017-11-12 13:00:00,51670.33
2017-11-13 01:00:00,51392.53
2017-11-13 13:00:00,51428.39
2017-11-14 01:00:00,51184.96
2017-11-14 13:00:00,51678.8
2017-11-15 01:00:00,51633.55
2017-11-15 13:00:00,51552.21
2017-11-16 01:00:00,51494.78
2017-11-16 13:00:00,51579.2
2017-11-17 01:00:00,51445.24
2017-11-17 13:00:00,51462.13
2017-11-18 01:00:00,51273.53
2017-11-18 13:00:00,51287.54
2017-11-19 01:00:00,51321.98
2017-11-19 13:00:00,51351.18
2017-11-20 01:00:00,51315.65
2017-11-20 13:00:00,51467.69
2017-11-21 01:00:00,51337.67
2017-11-21 13:00:00,51412.43
2017-11-22 01:00:00,51453.58
2017-11-22 13:00:00,51433.82
2017-11-23 01:00:00,51291.33
2017-11-23 13:00:00,51410.36
2017-11-24 01:00:00,51181.0
2017-11-24 13:00:00,51358.1
2017-11-25 01:00:00,51190.94
2017-11-25 13:00:00,51157.61
2017-11-26 01:00:00,51081.94
2017-11-26 13:00:00,51395.34
2017-11-27 01:00:00,51180.68
2017-11-27 13:00:00,51291.2
2017-11-28 01:00:00,51259.39
2017-11-28 13:00:00,51186.06
2017-11-29 01:00:00,51089.57
2017-11-29 13:00:00,51098.05
2017-11-30 01:00:00,50992.33
2017-11-30 13:00:00,51132.25
2017-12-01 01:00:00,51043.8
2017-12-01 13:00:00,51155.84
2017-12-02 01:00:00,50903.89
2017-12-02 13:00:00,50965.92
2017-12-03 01:00:00,50901.32
2017-12-03 13:00:00,51271.69
2017-12-04 01:00:00,51097.35
2017-12-04 13:00:00,51114.44
2017-12-05 01:00:00,51233.93
2017-12-05 13:00:00,51168.1
2017-12-06 01:00:00,51002.1
2017-12-06 13:00:00,51242.97
2017-12-07 01:00:00,51095.44
2017-12-07 13:00:00,51158.74
2017-12-08 01:00:00,51066.89
2017-12-08 13:00:00,50777.38
2017-12-09 01:00:00,50889.37
2017-12-09 13:00:00,50964.39
2017-12-10 01:00:00,50751.15
2017-12-10 13:00:00,50626.31
2017-12-11 01:00:00,50770.08
2017-12-11 13:00:00,50929.51
2017-12-12 01:00:00,51020.22
2017-12-12 13:00:00,50989.25
2017-12-13 01:00:00,50879.14
2017-12-13 13:00:00,50956.07
2017-12-14 01:00:00,50991.04
2017-12-14 13:00:00,50989.91
2017-12-15 01:00:00,50959.02
2017-12-15 13:00:00,51067.15
2017-12-16 01:00:00,51036.89
2017-12-16 13:00:00,50885.63
2017-12-17 01:00:00,50752.31
2017-12-17 13:00:00,50841.43
2017-12-18 01:00:00,50841.04
2017-12-18 13:00:00,50845.89
2017-12-19 01:00:00,50967.58
2017-12-19 13:00:00,51005.18
2017-12-20 01:00:00,50972.54
2017-12-20 13:00:00,51039.64
2017-12-21 01:00:00,50996.84
2017-12-21 13:00:00,50927.39
2017-12-22 01:00:00,50965.84
2017-12-22 13:00:00,50910.57
2017-12-23 01:00:00,50888.97
2017-12-23 13:00:00,51058.94
2017-12-24 01:00:00,51062.98
2017-12-24 13:00:00,51075.33
2017-12-25 01:00:00,51057.2
2017-12-25 13:00:00,50952.18
2017-12-26 01:00:00,50673.47
2017-12-26 13:00:00,50818.96
2017-12-27 01:00:00,50595.72
2017-12-27 13:00:00,50945.8
2017-12-28 01:00:00,50826.03
2017-12-28 13:00:00,50856.8
2017-12-29 01:00:00,50755.54
2017-12-29 13:00:00,50734.12
2017-12-30 01:00:00,50756.69
2017-12-30 13:00:00,50772.77
2017-12-31 01:00:00,50747.27
2017-12-31 13:00:00,50885.03
2018-01-01 01:00:00,50651.67
2018-01-01 13:00:00,50726.3
2018-01-02 01:00:00,50630.89
2018-01-02 13:00:00,50751.66
2018-01-03 01:00:00,50607.15
2018-01-03 13:00:00,50660.57
2018-01-04 01:00:00,50741.77
2018-01-04 13:00:00,50780.88
2018-01-05 01:00:00,50705.97
2018-01-05 13:00:00,50789.49
2018-01-06 01:00:00,50677.56
2018-01-06 13:00:00,50557.55
2018-01-07 01:00:00,50442.03
2018-01-07 13:00:00,50372.48
2018-01-08 01:00:00,50231.84
2018-01-08 13:00:00,50533.58
2018-01-09 01:00:00,50583.93
2018-01-09 13:00:00,50665.26
2018-01-10 01:00:00,50616.49
2018-01-10 13:00:00,50592.15
2018-01-11 01:00:00,50504.18
2018-01-11 13:00:00,50738.68
2018-01-12 01:00:00,50538.51
2018-01-12 13:00:00,50644.11
2018-01-13 01:00:00,50576.28
2018-01-13 13:00:00,50480.71
2018-01-14 01:00:00,50508.96
2018-01-14 13:00:00,50482.87
2018-01-15 01:00:00,50448.07
2018-01-15 13:00:00,50696.45
2018-01-16 01:00:00,50655.19
2018-01-16 13:00:00,50516.13
2018-01-17 01:00:00,50479.37
2018-01-17 13:00:00,50545.34
2018-01-18 01:00:00,50502.81
2018-01-18 13:00:00,50452.49
2018-01-19 01:00:00,50568.59
2018-01-19 13:00:00,50651.37
2018-01-20 01:00:00,50533.03
2018-01-20 13:00:00,50665.23
2018-01-21 01:00:00,50491.49
2018-01-21 13:00:00,50411.44
2018-01-22 01:00:00,50461.34
2018-01-22 13:00:00,50610.6
2018-01-23 01:00:00,50620.78
2018-01-23 13:00:00,50644.58
2018-01-24 01:00:00,50685.76
2018-01-24 13:00:00,50711.64
2018-01-25 01:00:00,50443.98
2018-01-25 13:00:00,50535.56
2018-01-26 01:00:00,50452.98
2018-01-26 13:00:00,50532.4
2018-01-27 01:00:00,50372.54
2018-01-27 13:00:00,50520.86
2018-01-28 01:00:00,50533.64
2018-01-28 13:00:00,50642.82
2018-01-29 01:00:00,50623.68
2018-01-29 13:00:00,50415.42
2018-01-30 01:00:00,50406.33
2018-01-30 13:00:00,50468.76
2018-01-31 01:00:00,50347.48
2018-01-31 13:00:00,50436.0
2018-02-01 01:00:00,50290.15
2018-02-01 13:00:00,50482.14
2018-02-02 01:00:00,50423.33
2018-02-02 13:00:00,50182.96
2018-02-03 01:00:00,49800.57
2018-02-03 13:00:00,49946.5
2018-02-04 01:00:00,49897.03
2018-02-04 13:00:00,50096.84
2018-02-05 01:00:00,49990.27
2018-02-05 13:00:00,49859.74
2018-02-06 01:00:00,49654.82
2018-02-06 13:00:00,49743.16
2018-02-07 01:00:00,49525.92
2018-02-07 13:00:00,49776.19
2018-02-08 01:00:00,49564.31
2018-02-08 13:00:00,49785.81
2018-02-09 01:00:00,49642.32
2018-02-09 13:00:00,49830.62
2018-02-10 01:00:00,49648.91
2018-02-10 13:00:00,49898.46
2018-02-11 01:00:00,49815.38
2018-02-11 13:00:00,49943.71
2018-02-12 01:00:00,49808.77
2018-02-12 13:00:00,49839.25
2018-02-13 01:00:00,49731.03
2018-02-13 13:00:00,49767.23
2018-02-14 01:00:00,49584.84
2018-02-14 13:00:00,49793.36
2018-02-15 01:00:00,49683.73
2018-02-15 13:00:00,49782.53
2018-02-16 01:00:00,49814.7
2018-02-16 13:00:00,49807.6
2018-02-17 01:00:00,49712.1
2018-02-17 13:00:00,49817.14
2018-02-18 01:00:00,49691.19
2018-02-18 13:00:00,49783.47
2018-02-19 01:00:00,49624.04
2018-02-19 13:00:00,49758.06
2018-02-20 01:00:00,49543.23
2018-02-20 13:00:00,49683.4
2018-02-21 01:00:00,49509.31
2018-02-21 13:00:00,49643.34
2018-02-22 01:00:00,49610.48
2018-02-22 13:00:00,49675.35
2018-02-23 01:00:00,49503.05
2018-02-23 13:00:00,49593.66
2018-02-24 01:00:00,49679.7
2018-02-24 13:00:00,49556.52
2018-02-25 01:00:00,49360.62
2018-02-25 13:00:00,49506.44
2018-02-26 01:00:00,49372.98
2018-02-26 13:00:00,49465.66
2018-02-27 01:00:00,49349.97
2018-02-27 13:00:00,49198.07
2018-02-28 01:00:00,49006.19
2018-02-28 13:00:00,49260.49
2018-03-01 01:00:00,49264.21
2018-03-01 13:00:00,49291.87
2018-03-02 01:00:00,49097.73
2018-03-02 13:00:00,49225.05
2018-03-03 01:00:00,49139.96
2018-03-03 13:00:00,49309.39
2018-03-04 01:00:00,49199.93
2018-03-04 13:00:00,49443.81
2018-03-05 01:00:00,49420.08
2018-03-05 13:00:00,49404.06
2018-03-06 01:00:00,49246.58
2018-03-06 13:00:00,49365.07
2018-03-07 01:00:00,49352.6
2018-03-07 13:00:00,49401.14
2018-03-08 01:00:00,49390.46
2018-03-08 13:00:00,49409.42
2018-03-09 01:00:00,49372.89
2018-03-09 13:00:00,49380.78
2018-03-10 01:00:00,49389.49
2018-03-10 13:00:00,49441.42
2018-03-11 01:00:00,49429.62
2018-03-11 13:00:00,49464.95
2018-03-12 01:00:00,49360.81
2018-03-12 13:00:00,49444.5
2018-03-13 01:00:00,49363.92
2018-03-13 13:00:00,49324.18
2018-03-14 01:00:00,49317.51
2018-03-14 13:00:00,49354.25
2018-03-15 01:00:00,49318.05
2018-03-15 13:00:00,49274.98
2018-03-16 01:00:00,49230.32
2018-03-16 13:00:00,49129.28
2018-03-17 01:00:00,49118.76
2018-03-17 13:00:00,49158.73
2018-03-18 01:00:00,49046.2
2018-03-18 13:00:00,49072.89
2018-03-19 01:00:00,48993.59
2018-03-19 13:00:00,49130.32
2018-03-20 01:00:00,49114.39
2018-03-20 13:00:00,49091.1
2018-03-21 01:00:00,48917.14
2018-03-21 13:00:00,49106.68
2018-03-22 01:00:00,49061.34
2018-03-22 13:00:00,49142.48
2018-03-23 01:00:00,49073.87
2018-03-23 13:00:00,49143.28
2018-03-24 01:00:00,49067.19
2018-03-24 13:00:00,49162.53
2018-03-25 01:00:00,49044.2
2018-03-25 14:00:00,49143.63
2018-03-26 02:00:00,48987.39
2018-03-26 14:00:00,49073.29
2018-03-27 02:00:00,49007.6
2018-03-27 14:00:00,49078.05
2018-03-28 02:00:00,48980.25
2018-03-28 14:00:00,48988.31
2018-03-29 02:00:00,48980.67
2018-03-29 14:00:00,48988.75
2018-03-30 02:00:00,48934.99
2018-03-30 14:00:00,48981.96
2018-03-31 02:00:00,48956.47
2018-03-31 14:00:00,48929.21
2018-04-01 02:00:00,49012.08
2018-04-01 14:00:00,48989.87
2018-04-02 02:00:00,48911.35
2018-04-02 14:00:00,49001.44
2018-04-03 02:00:00,48994.95
2018-04-03 14:00:00,49037.28
2018-04-04 02:00:00,48962.73
2018-04-04 14:00:00,48894.57
2018-04-05 02:00:00,48871.45
2018-04-05 14:00:00,48840.84
2018-04-06 02:00:00,48868.19
2018-04-06 14:00:00,48785.21
2018-04-07 02:00:00,48777.83
2018-04-07 14:00:00,48686.4
2018-04-08 02:00:00,48674.18
2018-04-08 14:00:00,48572.82
2018-04-09 02:00:00,48545.67
2018-04-09 14:00:00,48518.3
2018-04-10 02:00:00,48450.79
2018-04-10 14:00:00,48592.45
2018-04-11 02:00:00,48600.18
2018-04-11 14:00:00,48538.43
2018-04-12 02:00:00,48568.18
2018-04-12 14:00:00,48973.99
2018-04-13 02:00:00,49222.03
2018-04-13 14:00:00,49182.31
2018-04-14 02:00:00,49369.02
2018-04-14 14:00:00,49245.74
2018-04-15 02:00:00,49276.35
2018-04-15 14:00:00,49223.78
2018-04-16 02:00:00,49198.11
2018-04-16 14:00:00,49253.54
2018-04-17 02:00:00,49164.87
2018-04-17 14:00:00,49091.43
2018-04-18 02:00:00,49007.27
2018-04-18 14:00:00,49059.92
2018-04-19 02:00:00,48967.0
2018-04-19 14:00:00,48930.77
2018-04-20 02:00:00,48917.48
2018-04-20 14:00:00,48884.62
2018-04-21 02:00:00,48692.12
2018-04-21 14:00:00,48768.81
2018-04-22 02:00:00,48611.35
2018-04-22 14:00:00,48807.38
2018-04-23 02:00:00,48783.58
2018-04-23 14:00:00,48767.53
2018-04-24 02:00:00,48690.76
2018-04-24 14:00:00,48779.34
2018-04-25 02:00:00,48747.16
2018-04-25 14:00:00,48711.5
2018-04-26 02:00:00,48690.13
2018-04-26 14:00:00,48770.66
2018-04-27 02:00:00,48657.81
2018-04-27 14:00:00,48778.57
2018-04-28 02:00:00,48589.74
2018-04-28 14:00:00,-170.61
2018-04-29 02:00:00,-172.44
2018-04-29 14:00:00,-167.1
2018-04-30 02:00:00,2431.76
2018-04-30 14:00:00,4646.91
2018-05-01 02:00:00,4194.32
2018-05-01 14:00:00,4198.28
2018-05-02 02:00:00,4006.82
2018-05-02 14:00:00,4323.47
2018-05-03 02:00:00,4177.87
2018-05-03 14:00:00,4713.26
2018-05-04 02:00:00,4440.36
2018-05-04 14:00:00,5193.07
2018-05-05 02:00:00,5143.36
2018-05-05 14:00:00,6481.55
2018-05-06 02:00:00,6621.28
2018-05-06 14:00:00,8455.21
2018-05-07 02:00:00,8715.88
2018-05-07 14:00:00,10241.94
2018-05-08 02:00:00,10696.26
2018-05-08 14:00:00,11964.1
2018-05-09 02:00:00,12073.85
2018-05-09 14:00:00,13409.06
2018-05-10 02:00:00,13631.45
2018-05-10 14:00:00,14443.87
2018-05-11 02:00:00,14466.3
2018-05-11 14:00:00,15417.45
2018-05-12 02:00:00,15398.68
2018-05-12 14:00:00,16507.3
2018-05-13 02:00:00,16582.42
2018-05-13 14:00:00,17988.7
2018-05-14 02:00:00,18034.59
2018-05-14 14:00:00,19674.97
2018-05-15 02:00:00,19703.11
2018-05-15 14:00:00,21166.38
2018-05-16 02:00:00,20926.68
2018-05-16 14:00:00,35.99
2018-05-17 02:00:00,-101.54
2018-05-17 14:00:00,453.2
2018-05-18 02:00:00,368.76
2018-05-18 14:00:00,1228.08
2018-05-19 02:00:00,970.33
2018-05-19 14:00:00,1812.1
2018-05-20 02:00:00,1696.48
2018-05-20 14:00:00,2743.79
2018-05-21 02:00:00,2666.48
2018-05-21 14:00:00,4545.93
2018-05-22 02:00:00,4615.04
2018-05-22 14:00:00,6840.74
2018-05-23 02:00:00,6752.29
2018-05-23 14:00:00,9308.01
2018-05-24 02:00:00,8994.66
2018-05-24 14:00:00,11099.57
2018-05-25 02:00:00,10832.95
2018-05-25 14:00:00,12488.74
2018-05-26 02:00:00,12258.23
2018-05-26 14:00:00,14040.71
2018-05-27 02:00:00,13707.11
2018-05-27 14:00:00,15022.76
2018-05-28 02:00:00,14459.49
2018-05-28 14:00:00,16083.39
2018-05-29 02:00:00,16020.59
2018-05-29 14:00:00,17290.88
2018-05-30 02:00:00,16977.36
2018-05-30 14:00:00,18238.45
2018-05-31 02:00:00,17990.22
2018-05-31 14:00:00,18802.25
2018-06-01 02:00:00,18541.33
2018-06-01 14:00:00,19610.74
2018-06-02 02:00:00,19256.79
2018-06-02 14:00:00,20655.66
2018-06-03 02:00:00,20301.29
2018-06-03 14:00:00,21169.49
2018-06-04 02:00:00,20438.16
2018-06-04 14:00:00,21253.96
2018-06-05 02:00:00,20351.69
2018-06-05 14:00:00,20791.13
2018-06-06 02:00:00,20264.27
2018-06-06 14:00:00,20753.79
2018-06-07 02:00:00,20371.47
2018-06-07 14:00:00,20651.25
2018-06-08 02:00:00,20413.38
2018-06-08 14:00:00,21648.91
2018-06-09 02:00:00,21534.12
2018-06-09 14:00:00,23312.49
2018-06-10 02:00:00,22957.48
2018-06-10 14:00:00,24101.11
2018-06-11 02:00:00,23187.17
2018-06-11 14:00:00,24119.93
2018-06-12 02:00:00,23257.87
2018-06-12 14:00:00,24396.31
2018-06-13 02:00:00,23708.56
2018-06-13 14:00:00,25024.75
2018-06-14 02:00:00,24354.67
2018-06-14 14:00:00,25609.46
2018-06-15 02:00:00,25348.84
2018-06-15 14:00:00,5704.15
2018-06-16 02:00:00,-157.49
2018-06-16 14:00:00,-143.38
2018-06-17 02:00:00,-157.63
2018-06-17 14:00:00,-149.62
2018-06-18 02:00:00,-162.12
2018-06-18 14:00:00,-147.43
2018-06-19 02:00:00,-158.07
2018-06-19 14:00:00,-146.25
2018-06-20 02:00:00,-163.08
2018-06-20 14:00:00,-126.31
2018-06-21 02:00:00,-159.72
2018-06-21 14:00:00,-171.86
2018-06-22 02:00:00,-171.31
2018-06-22 14:00:00,-153.65
2018-06-23 02:00:00,-172.27
2018-06-23 14:00:00,-163.46
2018-06-24 02:00:00,-171.78
2018-06-24 14:00:00,-161.27
2018-06-25 02:00:00,-171.93
2018-06-25 14:00:00,-153.29
2018-06-26 02:00:00,-163.23
2018-06-26 14:00:00,-135.29
2018-06-27 02:00:00,-154.08
2018-06-27 14:00:00,-137.2
2018-06-28 02:00:00,-151.89
2018-06-28 14:00:00,-133.5
2018-06-29 02:00:00,-155.79
2018-06-29 14:00:00,-132.05
2018-06-30 02:00:00,-162.01
2018-06-30 14:00:00,-137.79
2018-07-01 02:00:00,-164.99
2018-07-01 14:00:00,-143.99
2018-07-02 02:00:00,-168.38
2018-07-02 14:00:00,56708.67
2018-07-03 02:00:00,64031.01
2018-07-03 14:00:00,64503.14
2018-07-04 02:00:00,64329.1
2018-07-04 14:00:00,64964.78
2018-07-05 02:00:00,65071.13
2018-07-05 14:00:00,65987.34
2018-07-06 02:00:00,65709.35
2018-07-06 14:00:00,65873.7
2018-07-07 02:00:00,65619.02
2018-07-07 14:00:00,65958.58
2018-07-08 02:00:00,65798.83
2018-07-08 14:00:00,66119.24
2018-07-09 02:00:00,66024.41
2018-07-09 14:00:00,66736.5
2018-07-10 02:00:00,66536.66
2018-07-10 14:00:00,66917.51
2018-07-11 02:00:00,66715.41
2018-07-11 14:00:00,66764.16
2018-07-12 02:00:00,66566.82
2018-07-12 14:00:00,66204.91
2018-07-13 02:00:00,65837.98
2018-07-13 14:00:00,65910.3
2018-07-14 02:00:00,65777.9
2018-07-14 14:00:00,66190.47
2018-07-15 02:00:00,65898.11
2018-07-15 14:00:00,66301.71
2018-07-16 02:00:00,66252.17
2018-07-16 14:00:00,66680.38
2018-07-17 02:00:00,66748.92
2018-07-17 14:00:00,67266.96
2018-07-18 02:00:00,67041.86
2018-07-18 14:00:00,67509.67
2018-07-19 02:00:00,67429.33
2018-07-19 14:00:00,67836.81
2018-07-20 02:00:00,67686.91
2018-07-20 14:00:00,68099.89
2018-07-21 02:00:00,68094.67
2018-07-21 14:00:00,68632.02
2018-07-22 02:00:00,68400.45
2018-07-22 14:00:00,68826.38
2018-07-23 02:00:00,69132.81
2018-07-23 14:00:00,69852.88
2018-07-24 02:00:00,70176.64
2018-07-24 14:00:00,70610.74
2018-07-25 02:00:00,70764.23
2018-07-25 14:00:00,71115.05
2018-07-26 02:00:00,71235.37
2018-07-26 14:00:00,71664.9
2018-07-27 02:00:00,71638.64
2018-07-27 14:00:00,72031.82
2018-07-28 02:00:00,72020.63
2018-07-28 14:00:00,72060.47
2018-07-29 02:00:00,71868.75
2018-07-29 14:00:00,71995.95
2018-07-30 02:00:00,71743.81
2018-07-30 14:00:00,71955.71
2018-07-31 02:00:00,71608.74
2018-07-31 14:00:00,71807.77
2018-08-01 02:00:00,71381.9
2018-08-01 14:00:00,71490.99
2018-08-02 02:00:00,71206.42
2018-08-02 14:00:00,71437.25
2018-08-03 02:00:00,71114.54
2018-08-03 14:00:00,71435.17
2018-08-04 02:00:00,71131.79
2018-08-04 14:00:00,71400.54
2018-08-05 02:00:00,71123.19
2018-08-05 14:00:00,71193.72
2018-08-06 02:00:00,71023.67
2018-08-06 14:00:00,71090.1
2018-08-07 02:00:00,70762.73
2018-08-07 14:00:00,70906.36
2018-08-08 02:00:00,70563.66
2018-08-08 14:00:00,70934.25
2018-08-09 02:00:00,70622.74
2018-08-09 14:00:00,70648.43
2018-08-10 02:00:00,70406.94
2018-08-10 14:00:00,70553.78
2018-08-11 02:00:00,70378.39
2018-08-11 14:00:00,70647.59
2018-08-12 02:00:00,70460.75
2018-08-12 14:00:00,70602.97
2018-08-13 02:00:00,70362.12
2018-08-13 14:00:00,70457.6
2018-08-14 02:00:00,70249.23
2018-08-14 14:00:00,70338.16
2018-08-15 02:00:00,70193.28
2018-08-15 14:00:00,70152.12
2018-08-16 02:00:00,69882.92
2018-08-16 14:00:00,69896.32
2018-08-17 02:00:00,69653.9
2018-08-17 14:00:00,69902.82
2018-08-18 02:00:00,69537.11
2018-08-18 14:00:00,69887.28
2018-08-19 02:00:00,69617.58
2018-08-19 14:00:00,69760.85
2018-08-20 02:00:00,69589.6
2018-08-20 14:00:00,69731.63
2018-08-21 02:00:00,69482.73
2018-08-21 14:00:00,68996.38
2018-08-22 02:00:00,69167.71
2018-08-22 14:00:00,69423.67
2018-08-23 02:00:00,69104.07
2018-08-23 14:00:00,69306.51
2018-08-24 02:00:00,69088.23
2018-08-24 14:00:00,69196.11
2018-08-25 02:00:00,68983.02
2018-08-25 14:00:00,69119.16
2018-08-26 02:00:00,68926.28
2018-08-26 14:00:00,68988.02
2018-08-27 02:00:00,68812.94
2018-08-27 14:00:00,68973.22
2018-08-28 02:00:00,68844.62
2018-08-28 14:00:00,68841.35
2018-08-29 02:00:00,68661.02
2018-08-29 14:00:00,68463.68
2018-08-30 02:00:00,68324.6
2018-08-30 14:00:00,68264.89
2018-08-31 02:00:00,68188.95
2018-08-31 14:00:00,68343.42
2018-09-01 02:00:00,68199.65
2018-09-01 14:00:00,68823.02
2018-09-02 02:00:00,68647.94
2018-09-02 14:00:00,68574.94
2018-09-03 02:00:00,68526.12
2018-09-03 14:00:00,68361.36
2018-09-04 02:00:00,68269.72
2018-09-04 14:00:00,68396.3
2018-09-05 02:00:00,68300.65
2018-09-05 14:00:00,68286.42
2018-09-06 02:00:00,68184.72
2018-09-06 14:00:00,68310.73
2018-09-07 02:00:00,68216.31
2018-09-07 14:00:00,68331.8
2018-09-08 02:00:00,68209.24
2018-09-08 14:00:00,68291.83
2018-09-09 02:00:00,68162.34
2018-09-09 14:00:00,68332.73
2018-09-10 02:00:00,68168.84
2018-09-10 14:00:00,68266.07
2018-09-11 02:00:00,68160.12
2018-09-11 14:00:00,68361.25
2018-09-12 02:00:00,68245.83
2018-09-12 14:00:00,68334.98
2018-09-13 02:00:00,68243.91
2018-09-13 14:00:00,68191.48
2018-09-14 02:00:00,67927.05
2018-09-14 14:00:00,68163.31
2018-09-15 02:00:00,68025.15
2018-09-15 14:00:00,68185.88
2018-09-16 02:00:00,67981.75
2018-09-16 14:00:00,68134.54
2018-09-17 02:00:00,67917.19
2018-09-17 14:00:00,68101.01
2018-09-18 02:00:00,67863.95
2018-09-18 14:00:00,68188.2
2018-09-19 02:00:00,67977.41
2018-09-19 14:00:00,68269.34
2018-09-20 02:00:00,68006.97
2018-09-20 14:00:00,68318.39
2018-09-21 02:00:00,68108.46
2018-09-21 14:00:00,68025.92
2018-09-22 02:00:00,68235.31
2018-09-22 14:00:00,68320.47
2018-09-23 02:00:00,68202.06
2018-09-23 14:00:00,68220.89
2018-09-24 02:00:00,68066.93
2018-09-24 14:00:00,68284.7
2018-09-25 02:00:00,68029.94
2018-09-25 14:00:00,68260.73
2018-09-26 02:00:00,68083.67
2018-09-26 14:00:00,68251.51
2018-09-27 02:00:00,68251.77
2018-09-27 14:00:00,68282.32
2018-09-28 02:00:00,67950.88
2018-09-28 14:00:00,68152.74
2018-09-29 02:00:00,67829.48
2018-09-29 14:00:00,68093.59
2018-09-30 02:00:00,67883.77
2018-09-30 14:00:00,68021.49
2018-10-01 02:00:00,67848.25
2018-10-01 14:00:00,67941.64
2018-10-02 02:00:00,67760.46
2018-10-02 14:00:00,67905.67
2018-10-03 02:00:00,67800.04
2018-10-03 14:00:00,67834.09
2018-10-04 02:00:00,67838.46
2018-10-04 14:00:00,67855.2
2018-10-05 02:00:00,67688.66
2018-10-05 14:00:00,67627.06
2018-10-06 02:00:00,67328.18
2018-10-06 14:00:00,67590.25
2018-10-07 02:00:00,67390.93
2018-10-07 14:00:00,67413.72
2018-10-08 02:00:00,67295.04
2018-10-08 14:00:00,67556.83
2018-10-09 02:00:00,67302.93
2018-10-09 14:00:00,67451.42
2018-10-10 02:00:00,67127.34
2018-10-10 14:00:00,67445.04
2018-10-11 02:00:00,67297.64
2018-10-11 14:00:00,67405.09
2018-10-12 02:00:00,67174.53
2018-10-12 14:00:00,67411.62
2018-10-13 02:00:00,67204.27
2018-10-13 14:00:00,67410.4
2018-10-14 02:00:00,67107.02
2018-10-14 14:00:00,67394.97
2018-10-15 02:00:00,67105.66
2018-10-15 14:00:00,67325.73
2018-10-16 02:00:00,67152.11
2018-10-16 14:00:00,67349.84
2018-10-17 02:00:00,67226.86
2018-10-17 14:00:00,67403.84
2018-10-18 02:00:00,67413.43
2018-10-18 14:00:00,67365.41
2018-10-19 02:00:00,67268.91
2018-10-19 14:00:00,67328.16
2018-10-20 02:00:00,67310.16
2018-10-20 14:00:00,67307.15
2018-10-21 02:00:00,67267.32
2018-10-21 14:00:00,67587.28
2018-10-22 02:00:00,67416.88
2018-10-22 14:00:00,67407.93
2018-10-23 02:00:00,67514.2
2018-10-23 14:00:00,67439.49
2018-10-24 02:00:00,67253.57
2018-10-24 14:00:00,67400.99
2018-10-25 02:00:00,67454.64
2018-10-25 14:00:00,67322.57
2018-10-26 02:00:00,67231.09
2018-10-26 14:00:00,67218.96
2018-10-27 02:00:00,67026.58
2018-10-27 14:00:00,67208.49
2018-10-28 02:00:00,66967.01
2018-10-28 13:00:00,67292.83
2018-10-29 01:00:00,67354.48
2018-10-29 13:00:00,67219.58
2018-10-30 01:00:00,67252.04
2018-10-30 13:00:00,67023.03
2018-10-31 01:00:00,67217.24
2018-10-31 13:00:00,66956.96
2018-11-01 01:00:00,66807.53
2018-11-01 13:00:00,66948.87
2018-11-02 01:00:00,66917.39
2018-11-02 13:00:00,66856.63
2018-11-03 01:00:00,66517.94
2018-11-03 13:00:00,66659.19
2018-11-04 01:00:00,66602.07
2018-11-04 13:00:00,66953.77
2018-11-05 01:00:00,66942.32
2018-11-05 13:00:00,66861.54
2018-11-06 01:00:00,66640.05
2018-11-06 13:00:00,66731.54
2018-11-07 01:00:00,66626.22
2018-11-07 13:00:00,66667.91
2018-11-08 01:00:00,66620.14
2018-11-08 13:00:00,66595.71
2018-11-09 01:00:00,66517.93
2018-11-09 13:00:00,66812.87
2018-11-10 01:00:00,66735.71
2018-11-10 13:00:00,66758.83
2018-11-11 01:00:00,66771.73
2018-11-11 13:00:00,66636.25
2018-11-12 01:00:00,66541.05
2018-11-12 13:00:00,66722.9
2018-11-13 01:00:00,66534.66
2018-11-13 13:00:00,66595.45
2018-11-14 01:00:00,66519.5
2018-11-14 13:00:00,66635.98
2018-11-15 01:00:00,66470.24
2018-11-15 13:00:00,66461.74
2018-11-16 01:00:00,66312.7
2018-11-16 13:00:00,66405.58
2018-11-17 01:00:00,66107.72
2018-11-17 13:00:00,66359.58
2018-11-18 01:00:00,66139.84
2018-11-18 13:00:00,66589.28
2018-11-19 01:00:00,66499.89
2018-11-19 13:00:00,66370.48
2018-11-20 01:00:00,66137.27
2018-11-20 13:00:00,66392.03
2018-11-21 01:00:00,66094.27
2018-11-21 13:00:00,66157.47
2018-11-22 01:00:00,66152.85
2018-11-22 13:00:00,66280.29
2018-11-23 01:00:00,66289.19
2018-11-23 13:00:00,66442.01
2018-11-24 01:00:00,66354.01
2018-11-24 13:00:00,66309.59
2018-11-25 01:00:00,66232.79
2018-11-25 13:00:00,66255.93
2018-11-26 01:00:00,66128.37
2018-11-26 13:00:00,66192.01
2018-11-27 01:00:00,66118.25
2018-11-27 13:00:00,66197.34
2018-11-28 01:00:00,65948.13
2018-11-28 13:00:00,66098.86
2018-11-29 01:00:00,65986.69
2018-11-29 13:00:00,66312.65
2018-11-30 01:00:00,66219.69
2018-11-30 13:00:00,65996.43
2018-12-01 01:00:00,66052.33
2018-12-01 13:00:00,65971.59
2018-12-02 01:00:00,65925.65
2018-12-02 13:00:00,66139.92
2018-12-03 01:00:00,66107.19
2018-12-03 13:00:00,65894.27
2018-12-04 01:00:00,65715.47
2018-12-04 13:00:00,65951.2
2018-12-05 01:00:00,65586.8
2018-12-05 13:00:00,65974.94
2018-12-06 01:00:00,66003.69
2018-12-06 13:00:00,66049.05
2018-12-07 01:00:00,66047.04
2018-12-07 13:00:00,65889.8
2018-12-08 01:00:00,65665.67
2018-12-08 13:00:00,66092.33
2018-12-09 01:00:00,65880.11
2018-12-09 13:00:00,65807.17
2018-12-10 01:00:00,65629.35
2018-12-10 13:00:00,65862.56
2018-12-11 01:00:00,65687.25
2018-12-11 13:00:00,65830.2
2018-12-12 01:00:00,65677.11
2018-12-12 13:00:00,65617.07
2018-12-13 01:00:00,65500.71
2018-12-13 13:00:00,65645.79
2018-12-14 01:00:00,65459.64
2018-12-14 13:00:00,65405.16
2018-12-15 01:00:00,65343.65
2018-12-15 13:00:00,65490.13
2018-12-16 01:00:00,65538.37
2018-12-16 13:00:00,65518.72
2018-12-17 01:00:00,65521.64
2018-12-17 13:00:00,65764.67
2018-12-18 01:00:00,65746.89
2018-12-18 13:00:00,65501.76
2018-12-19 01:00:00,65274.3
2018-12-19 13:00:00,65719.03
2018-12-20 01:00:00,65554.33
2018-12-20 13:00:00,65611.39
2018-12-21 01:00:00,65599.94
2018-12-21 13:00:00,65633.33
2018-12-22 01:00:00,65296.96
2018-12-22 13:00:00,65947.06
2018-12-23 01:00:00,66077.76
2018-12-23 13:00:00,65828.58
2018-12-24 01:00:00,65456.79
2018-12-24 13:00:00,66063.22
2018-12-25 01:00:00,66127.29
2018-12-25 13:00:00,65935.74
2018-12-26 01:00:00,65983.6
2018-12-26 13:00:00,65924.78
2018-12-27 01:00:00,65672.77
2018-12-27 13:00:00,65966.18
2018-12-28 01:00:00,65953.62
2018-12-28 13:00:00,65846.18
2018-12-29 01:00:00,65788.6
2018-12-29 13:00:00,65820.42
2018-12-30 01:00:00,65726.06
2018-12-30 13:00:00,65675.21
2018-12-31 01:00:00,65854.36
2018-12-31 13:00:00,65807.37
2019-01-01 01:00:00,65600.88
2019-01-01 13:00:00,65436.05
2019-01-02 01:00:00,65366.77
2019-01-02 13:00:00,65385.83
2019-01-03 01:00:00,65104.89
2019-01-03 13:00:00,65518.85
2019-01-04 01:00:00,65575.29
2019-01-04 13:00:00,65679.39
2019-01-05 01:00:00,65681.75
2019-01-05 13:00:00,65494.09
2019-01-06 01:00:00,65352.63
2019-01-06 13:00:00,65710.59
2019-01-07 01:00:00,65620.19
2019-01-07 13:00:00,65546.36
2019-01-08 01:00:00,65444.91
2019-01-08 13:00:00,65206.8
2019-01-09 01:00:00,65173.12
2019-01-09 13:00:00,65363.47
2019-01-10 01:00:00,65302.46
2019-01-10 13:00:00,65348.87
2019-01-11 01:00:00,65467.18
2019-01-11 13:00:00,65258.79
2019-01-12 01:00:00,65413.95
2019-01-12 13:00:00,65426.53
2019-01-13 01:00:00,65391.96
2019-01-13 13:00:00,65225.24
2019-01-14 01:00:00,64988.26
2019-01-14 13:00:00,65198.94
2019-01-15 01:00:00,65398.06
2019-01-15 13:00:00,65402.27
2019-01-16 01:00:00,65341.32
2019-01-16 13:00:00,65133.21
2019-01-17 01:00:00,65091.92
2019-01-17 13:00:00,65017.54
2019-01-18 01:00:00,64642.01
2019-01-18 13:00:00,65324.99
2019-01-19 01:00:00,65140.19
2019-01-19 13:00:00,64943.24
2019-01-20 01:00:00,64638.68
2019-01-20 13:00:00,64924.7
2019-01-21 01:00:00,64663.6
2019-01-21 13:00:00,65230.88
2019-01-22 01:00:00,65144.87
2019-01-22 13:00:00,64786.96
2019-01-23 01:00:00,64531.77
2019-01-23 13:00:00,64757.29
2019-01-24 01:00:00,64674.39
2019-01-24 13:00:00,65003.4
2019-01-25 01:00:00,64969.32
2019-01-25 13:00:00,64913.75
2019-01-26 01:00:00,65117.73
2019-01-26 13:00:00,64943.38
2019-01-27 01:00:00,64982.13
2019-01-27 13:00:00,64959.68
2019-01-28 01:00:00,64747.01
2019-01-28 13:00:00,64746.77
2019-01-29 01:00:00,64576.05
2019-01-29 13:00:00,64691.53
2019-01-30 01:00:00,64513.23
2019-01-30 13:00:00,64717.8
2019-01-31 01:00:00,64654.62
2019-01-31 13:00:00,64585.55
2019-02-01 01:00:00,64360.77
2019-02-01 13:00:00,64510.61
2019-02-02 01:00:00,64218.88
2019-02-02 13:00:00,64336.51
2019-02-03 01:00:00,64225.99
2019-02-03 13:00:00,64113.49
2019-02-04 01:00:00,63993.83
2019-02-04 13:00:00,64238.55
2019-02-05 01:00:00,64176.78
2019-02-05 13:00:00,64177.36
2019-02-06 01:00:00,64021.4
2019-02-06 13:00:00,64240.68
2019-02-07 01:00:00,64166.96
2019-02-07 13:00:00,64098.59
2019-02-08 01:00:00,64036.37
2019-02-08 13:00:00,64145.88
2019-02-09 01:00:00,64089.97
2019-02-09 13:00:00,63991.19
2019-02-10 01:00:00,63935.39
2019-02-10 13:00:00,63997.94
2019-02-11 01:00:00,63900.38
2019-02-11 13:00:00,63772.29
2019-02-12 01:00:00,63882.18
2019-02-12 13:00:00,63896.75
2019-02-13 01:00:00,63940.15
2019-02-13 13:00:00,63934.56
2019-02-14 01:00:00,63772.94
2019-02-14 13:00:00,63741.1
2019-02-15 01:00:00,63436.69
2019-02-15 13:00:00,63594.22
2019-02-16 01:00:00,63394.11
2019-02-16 13:00:00,63399.62
2019-02-17 01:00:00,63371.15
2019-02-17 13:00:00,63112.92
2019-02-18 01:00:00,62831.75
2019-02-18 13:00:00,63012.73
2019-02-19 01:00:00,62984.39
2019-02-19 13:00:00,63035.64
2019-02-20 01:00:00,63042.85
2019-02-20 13:00:00,63016.69
2019-02-21 01:00:00,62908.84
2019-02-21 13:00:00,62999.98
2019-02-22 01:00:00,62808.2
2019-02-22 13:00:00,62842.17
2019-02-23 01:00:00,62598.37
2019-02-23 13:00:00,62764.55
2019-02-24 01:00:00,62551.32
2019-02-24 13:00:00,62686.71
2019-02-25 01:00:00,62389.0
2019-02-25 13:00:00,62612.76
2019-02-26 01:00:00,62412.27
2019-02-26 13:00:00,62533.23
2019-02-27 01:00:00,62227.98
2019-02-27 13:00:00,62368.39
2019-02-28 01:00:00,62260.08
2019-02-28 13:00:00,62355.62
2019-03-01 01:00:00,62202.76
2019-03-01 13:00:00,62312.11
2019-03-02 01:00:00,62173.45
2019-03-02 13:00:00,62318.02
2019-03-03 01:00:00,62419.43
2019-03-03 13:00:00,62379.93
2019-03-04 01:00:00,62310.64
2019-03-04 13:00:00,62293.74
2019-03-05 01:00:00,62313.42
2019-03-05 13:00:00,62192.37
2019-03-06 01:00:00,61964.27
2019-03-06 13:00:00,62261.07
2019-03-07 01:00:00,62229.22
2019-03-07 13:00:00,62073.86
2019-03-08 01:00:00,61984.91
2019-03-08 13:00:00,61988.36
2019-03-09 01:00:00,
2019-03-09 13:00:00,
2019-03-10 01:00:00,62002.12
2019-03-10 13:00:00,61832.76
2019-03-11 01:00:00,61736.16
2019-03-11 13:00:00,61771.16
2019-03-12 01:00:00,61692.23
2019-03-12 13:00:00,61822.09
2019-03-13 01:00:00,61655.6
2019-03-13 13:00:00,61796.71
2019-03-14 01:00:00,61742.07
2019-03-14 13:00:00,61850.99
2019-03-15 01:00:00,61688.48
2019-03-15 13:00:00,61701.22
2019-03-16 01:00:00,61626.48
2019-03-16 13:00:00,61808.92
2019-03-17 01:00:00,61776.99
2019-03-17 13:00:00,61570.88
2019-03-18 01:00:00,61509.4
2019-03-18 13:00:00,61634.3
2019-03-19 01:00:00,61454.81
2019-03-19 13:00:00,61447.0
2019-03-20 01:00:00,61188.88
2019-03-20 13:00:00,61519.8
2019-03-21 01:00:00,61438.62
2019-03-21 13:00:00,61488.56
2019-03-22 01:00:00,61301.74
2019-03-22 13:00:00,62345.25
2019-03-23 01:00:00,62647.57
2019-03-23 13:00:00,62909.99
2019-03-24 01:00:00,62738.34
2019-03-24 13:00:00,63231.94
2019-03-25 01:00:00,63178.55
2019-03-25 13:00:00,63240.12
2019-03-26 01:00:00,63041.51
2019-03-26 13:00:00,63076.45
2019-03-27 01:00:00,62951.07
2019-03-27 13:00:00,63016.57
2019-03-28 01:00:00,62877.68
2019-03-28 13:00:00,63308.36
2019-03-29 01:00:00,63254.6
2019-03-29 13:00:00,65583.38
2019-03-30 01:00:00,65542.71
2019-03-30 13:00:00,68041.72
2019-03-31 01:00:00,67864.43
2019-03-31 14:00:00,67797.46
2019-04-01 02:00:00,67398.59
2019-04-01 14:00:00,67774.54
2019-04-02 02:00:00,67435.24
2019-04-02 14:00:00,68272.92
2019-04-03 02:00:00,68061.89
2019-04-03 14:00:00,68169.3
2019-04-04 02:00:00,68068.52
2019-04-04 14:00:00,69277.59
2019-04-05 02:00:00,69224.13
2019-04-05 14:00:00,70133.16
2019-04-06 02:00:00,69971.54
2019-04-06 14:00:00,70835.24
2019-04-07 02:00:00,70613.64
2019-04-07 14:00:00,71275.47
2019-04-08 02:00:00,70889.77
2019-04-08 14:00:00,71140.54
2019-04-09 02:00:00,70741.08
2019-04-09 14:00:00,70851.73
2019-04-10 02:00:00,70330.53
2019-04-10 14:00:00,70893.66
2019-04-11 02:00:00,70426.38
2019-04-11 14:00:00,70551.82
2019-04-12 02:00:00,70164.63
2019-04-12 14:00:00,70575.81
2019-04-13 02:00:00,70213.77
2019-04-13 14:00:00,70363.78
2019-04-14 02:00:00,70258.37
2019-04-14 14:00:00,70249.88
2019-04-15 02:00:00,69761.98
2019-04-15 14:00:00,69900.62
2019-04-16 02:00:00,69473.88
2019-04-16 14:00:00,69952.91
2019-04-17 02:00:00,69629.48
2019-04-17 14:00:00,70913.09
2019-04-18 02:00:00,70461.66
2019-04-18 14:00:00,70939.6
2019-04-19 02:00:00,70690.27
2019-04-19 14:00:00,71769.92
2019-04-20 02:00:00,71049.85
2019-04-20 14:00:00,71393.77
2019-04-21 02:00:00,70988.0
2019-04-21 14:00:00,72649.97
2019-04-22 02:00:00,72183.87
2019-04-22 14:00:00,73457.13
2019-04-23 02:00:00,72942.03
2019-04-23 14:00:00,74143.21
2019-04-24 02:00:00,73595.79
2019-04-24 14:00:00,75402.42
2019-04-25 02:00:00,75188.87
2019-04-25 14:00:00,77072.17
2019-04-26 02:00:00,76618.39
2019-04-26 14:00:00,77299.02
2019-04-27 02:00:00,77006.13
2019-04-27 14:00:00,77709.45
2019-04-28 02:00:00,77056.36
2019-04-28 14:00:00,77426.54
2019-04-29 02:00:00,77140.19
2019-04-29 14:00:00,77434.73
2019-04-30 02:00:00,76878.64
2019-04-30 14:00:00,78565.08
2019-05-01 02:00:00,78305.03
2019-05-01 14:00:00,78622.29
2019-05-02 02:00:00,78332.18
2019-05-02 14:00:00,78412.04
2019-05-03 02:00:00,77858.89
2019-05-03 14:00:00,78121.43
2019-05-04 02:00:00,77557.71
2019-05-04 14:00:00,77796.45
2019-05-05 02:00:00,76990.55
2019-05-05 14:00:00,77160.19
2019-05-06 02:00:00,76578.2
2019-05-06 14:00:00,77159.98
2019-05-07 02:00:00,76453.48
2019-05-07 14:00:00,76999.25
2019-05-08 02:00:00,76453.59
2019-05-08 14:00:00,77838.91
2019-05-09 02:00:00,77583.33
2019-05-09 14:00:00,79296.68
2019-05-10 02:00:00,78863.46
2019-05-10 14:00:00,78724.73
2019-05-11 02:00:00,78015.41
2019-05-11 14:00:00,79159.9
2019-05-12 02:00:00,78712.24
2019-05-12 14:00:00,79620.38
2019-05-13 02:00:00,78268.92
2019-05-13 14:00:00,76505.3
2019-05-14 02:00:00,76047.01
2019-05-14 14:00:00,76995.33
2019-05-15 02:00:00,76541.17
2019-05-15 14:00:00,77955.62
2019-05-16 02:00:00,77468.14
2019-05-16 14:00:00,77292.53
2019-05-17 02:00:00,77137.85
2019-05-17 14:00:00,78109.32
2019-05-18 02:00:00,78133.61
2019-05-18 14:00:00,79742.31
2019-05-19 02:00:00,79416.43
2019-05-19 14:00:00,79792.25
2019-05-20 02:00:00,79563.09
2019-05-20 14:00:00,80092.24
2019-05-21 02:00:00,79356.27
2019-05-21 14:00:00,78260.36
2019-05-22 02:00:00,77646.15
2019-05-22 14:00:00,77810.61
2019-05-23 02:00:00,77209.15
2019-05-23 14:00:00,77291.61
2019-05-24 02:00:00,77084.24
2019-05-24 14:00:00,77414.48
2019-05-25 02:00:00,77045.11
2019-05-25 14:00:00,75877.97
2019-05-26 02:00:00,75433.21
2019-05-26 14:00:00,75796.06
2019-05-27 02:00:00,75557.02
2019-05-27 14:00:00,75676.16
2019-05-28 02:00:00,75286.21
2019-05-28 14:00:00,75154.14
2019-05-29 02:00:00,74787.55
2019-05-29 14:00:00,74938.62
2019-05-30 02:00:00,74587.53
2019-05-30 14:00:00,75265.29
2019-05-31 02:00:00,75129.85
2019-05-31 14:00:00,74620.43
